Benchmark id	benchmark comment	host name	no. cores	os	user name	database	module	driver	trial no.	SQL statement	pool size min.	pool size max.	fetch size	transaction size	bulk length	bulk size	batch size	action	start day time	end day time	duration (sec)	duration (ns)
f58905038512b0748670ef95f55daec4	Standard tests (Travis CI)	travis-job-ccecf5de-ddbe-4914-8883-d9724294d425	2	amd64 / Linux / 4.15.0-1028-gcp	travis	db_11_2_xe	OraBench (Python 3.5.2)	cx_Oracle (Version v7.2.3)	1	INSERT INTO ora_bench_table (key, data) VALUES (:1, :2)	0	0	1024	512	1024	100000	256	query	2019-11-26 04:24:18.096153000	2019-11-26 04:24:24.713061000	7	661690800
f58905038512b0748670ef95f55daec4	Standard tests (Travis CI)	travis-job-ccecf5de-ddbe-4914-8883-d9724294d425	2	amd64 / Linux / 4.15.0-1028-gcp	travis	db_11_2_xe	OraBench (Python 3.5.2)	cx_Oracle (Version v7.2.3)	1	SELECT data FROM ora_bench_table WHERE key = :key	0	0	1024	512	1024	100000	256	query	2019-11-26 04:24:24.713239000	2019-11-26 04:24:45.954556000	21	2124131700
f58905038512b0748670ef95f55daec4	Standard tests (Travis CI)	travis-job-ccecf5de-ddbe-4914-8883-d9724294d425	2	amd64 / Linux / 4.15.0-1028-gcp	travis	db_11_2_xe	OraBench (Python 3.5.2)	cx_Oracle (Version v7.2.3)	1		0	0	1024	512	1024	100000	256	trial	2019-11-26 04:24:18.072815000	2019-11-26 04:24:46.541248000	28	2846843300
f58905038512b0748670ef95f55daec4	Standard tests (Travis CI)	travis-job-ccecf5de-ddbe-4914-8883-d9724294d425	2	amd64 / Linux / 4.15.0-1028-gcp	travis	db_11_2_xe	OraBench (Python 3.5.2)	cx_Oracle (Version v7.2.3)	2	INSERT INTO ora_bench_table (key, data) VALUES (:1, :2)	0	0	1024	512	1024	100000	256	query	2019-11-26 04:24:46.551074000	2019-11-26 04:24:56.390776000	10	983970200
f58905038512b0748670ef95f55daec4	Standard tests (Travis CI)	travis-job-ccecf5de-ddbe-4914-8883-d9724294d425	2	amd64 / Linux / 4.15.0-1028-gcp	travis	db_11_2_xe	OraBench (Python 3.5.2)	cx_Oracle (Version v7.2.3)	2	SELECT data FROM ora_bench_table WHERE key = :key	0	0	1024	512	1024	100000	256	query	2019-11-26 04:24:56.390969000	2019-11-26 04:25:17.121129000	21	2073016000
f58905038512b0748670ef95f55daec4	Standard tests (Travis CI)	travis-job-ccecf5de-ddbe-4914-8883-d9724294d425	2	amd64 / Linux / 4.15.0-1028-gcp	travis	db_11_2_xe	OraBench (Python 3.5.2)	cx_Oracle (Version v7.2.3)	2		0	0	1024	512	1024	100000	256	trial	2019-11-26 04:24:46.541386000	2019-11-26 04:25:17.630539000	31	3108915300
f58905038512b0748670ef95f55daec4	Standard tests (Travis CI)	travis-job-ccecf5de-ddbe-4914-8883-d9724294d425	2	amd64 / Linux / 4.15.0-1028-gcp	travis	db_11_2_xe	OraBench (Python 3.5.2)	cx_Oracle (Version v7.2.3)	3	INSERT INTO ora_bench_table (key, data) VALUES (:1, :2)	0	0	1024	512	1024	100000	256	query	2019-11-26 04:25:17.640438000	2019-11-26 04:25:28.669785000	11	1102934700
f58905038512b0748670ef95f55daec4	Standard tests (Travis CI)	travis-job-ccecf5de-ddbe-4914-8883-d9724294d425	2	amd64 / Linux / 4.15.0-1028-gcp	travis	db_11_2_xe	OraBench (Python 3.5.2)	cx_Oracle (Version v7.2.3)	3	SELECT data FROM ora_bench_table WHERE key = :key	0	0	1024	512	1024	100000	256	query	2019-11-26 04:25:28.670003000	2019-11-26 04:25:49.526458000	21	2085645500
f58905038512b0748670ef95f55daec4	Standard tests (Travis CI)	travis-job-ccecf5de-ddbe-4914-8883-d9724294d425	2	amd64 / Linux / 4.15.0-1028-gcp	travis	db_11_2_xe	OraBench (Python 3.5.2)	cx_Oracle (Version v7.2.3)	3		0	0	1024	512	1024	100000	256	trial	2019-11-26 04:25:17.630652000	2019-11-26 04:25:49.990629000	32	3235997700
f58905038512b0748670ef95f55daec4	Standard tests (Travis CI)	travis-job-ccecf5de-ddbe-4914-8883-d9724294d425	2	amd64 / Linux / 4.15.0-1028-gcp	travis	db_11_2_xe	OraBench (Python 3.5.2)	cx_Oracle (Version v7.2.3)	4	INSERT INTO ora_bench_table (key, data) VALUES (:1, :2)	0	0	1024	512	1024	100000	256	query	2019-11-26 04:25:49.999551000	2019-11-26 04:26:00.225745000	10	1022619400
f58905038512b0748670ef95f55daec4	Standard tests (Travis CI)	travis-job-ccecf5de-ddbe-4914-8883-d9724294d425	2	amd64 / Linux / 4.15.0-1028-gcp	travis	db_11_2_xe	OraBench (Python 3.5.2)	cx_Oracle (Version v7.2.3)	4	SELECT data FROM ora_bench_table WHERE key = :key	0	0	1024	512	1024	100000	256	query	2019-11-26 04:26:00.225908000	2019-11-26 04:26:20.975358000	21	2074945000
f58905038512b0748670ef95f55daec4	Standard tests (Travis CI)	travis-job-ccecf5de-ddbe-4914-8883-d9724294d425	2	amd64 / Linux / 4.15.0-1028-gcp	travis	db_11_2_xe	OraBench (Python 3.5.2)	cx_Oracle (Version v7.2.3)	4		0	0	1024	512	1024	100000	256	trial	2019-11-26 04:25:49.990764000	2019-11-26 04:26:21.462825000	31	3147206100
f58905038512b0748670ef95f55daec4	Standard tests (Travis CI)	travis-job-ccecf5de-ddbe-4914-8883-d9724294d425	2	amd64 / Linux / 4.15.0-1028-gcp	travis	db_11_2_xe	OraBench (Python 3.5.2)	cx_Oracle (Version v7.2.3)	5	INSERT INTO ora_bench_table (key, data) VALUES (:1, :2)	0	0	1024	512	1024	100000	256	query	2019-11-26 04:26:21.471709000	2019-11-26 04:26:32.476242000	11	1100453300
f58905038512b0748670ef95f55daec4	Standard tests (Travis CI)	travis-job-ccecf5de-ddbe-4914-8883-d9724294d425	2	amd64 / Linux / 4.15.0-1028-gcp	travis	db_11_2_xe	OraBench (Python 3.5.2)	cx_Oracle (Version v7.2.3)	5	SELECT data FROM ora_bench_table WHERE key = :key	0	0	1024	512	1024	100000	256	query	2019-11-26 04:26:32.476458000	2019-11-26 04:26:53.219702000	21	2074324400
f58905038512b0748670ef95f55daec4	Standard tests (Travis CI)	travis-job-ccecf5de-ddbe-4914-8883-d9724294d425	2	amd64 / Linux / 4.15.0-1028-gcp	travis	db_11_2_xe	OraBench (Python 3.5.2)	cx_Oracle (Version v7.2.3)	5		0	0	1024	512	1024	100000	256	trial	2019-11-26 04:26:21.462948000	2019-11-26 04:26:53.748715000	32	3228576700
f58905038512b0748670ef95f55daec4	Standard tests (Travis CI)	travis-job-ccecf5de-ddbe-4914-8883-d9724294d425	2	amd64 / Linux / 4.15.0-1028-gcp	travis	db_11_2_xe	OraBench (Python 3.5.2)	cx_Oracle (Version v7.2.3)	6	INSERT INTO ora_bench_table (key, data) VALUES (:1, :2)	0	0	1024	512	1024	100000	256	query	2019-11-26 04:26:53.758585000	2019-11-26 04:27:04.243059000	10	1048447400
f58905038512b0748670ef95f55daec4	Standard tests (Travis CI)	travis-job-ccecf5de-ddbe-4914-8883-d9724294d425	2	amd64 / Linux / 4.15.0-1028-gcp	travis	db_11_2_xe	OraBench (Python 3.5.2)	cx_Oracle (Version v7.2.3)	6	SELECT data FROM ora_bench_table WHERE key = :key	0	0	1024	512	1024	100000	256	query	2019-11-26 04:27:04.243197000	2019-11-26 04:27:26.889343000	23	2264614600
f58905038512b0748670ef95f55daec4	Standard tests (Travis CI)	travis-job-ccecf5de-ddbe-4914-8883-d9724294d425	2	amd64 / Linux / 4.15.0-1028-gcp	travis	db_11_2_xe	OraBench (Python 3.5.2)	cx_Oracle (Version v7.2.3)	6		0	0	1024	512	1024	100000	256	trial	2019-11-26 04:26:53.748833000	2019-11-26 04:27:27.403589000	34	3365475600
f58905038512b0748670ef95f55daec4	Standard tests (Travis CI)	travis-job-ccecf5de-ddbe-4914-8883-d9724294d425	2	amd64 / Linux / 4.15.0-1028-gcp	travis	db_11_2_xe	OraBench (Python 3.5.2)	cx_Oracle (Version v7.2.3)	7	INSERT INTO ora_bench_table (key, data) VALUES (:1, :2)	0	0	1024	512	1024	100000	256	query	2019-11-26 04:27:27.413432000	2019-11-26 04:27:38.243729000	11	1083029700
f58905038512b0748670ef95f55daec4	Standard tests (Travis CI)	travis-job-ccecf5de-ddbe-4914-8883-d9724294d425	2	amd64 / Linux / 4.15.0-1028-gcp	travis	db_11_2_xe	OraBench (Python 3.5.2)	cx_Oracle (Version v7.2.3)	7	SELECT data FROM ora_bench_table WHERE key = :key	0	0	1024	512	1024	100000	256	query	2019-11-26 04:27:38.243878000	2019-11-26 04:27:58.868331000	21	2062445300
f58905038512b0748670ef95f55daec4	Standard tests (Travis CI)	travis-job-ccecf5de-ddbe-4914-8883-d9724294d425	2	amd64 / Linux / 4.15.0-1028-gcp	travis	db_11_2_xe	OraBench (Python 3.5.2)	cx_Oracle (Version v7.2.3)	7		0	0	1024	512	1024	100000	256	trial	2019-11-26 04:27:27.403736000	2019-11-26 04:27:59.335422000	32	3193168600
f58905038512b0748670ef95f55daec4	Standard tests (Travis CI)	travis-job-ccecf5de-ddbe-4914-8883-d9724294d425	2	amd64 / Linux / 4.15.0-1028-gcp	travis	db_11_2_xe	OraBench (Python 3.5.2)	cx_Oracle (Version v7.2.3)	8	INSERT INTO ora_bench_table (key, data) VALUES (:1, :2)	0	0	1024	512	1024	100000	256	query	2019-11-26 04:27:59.376627000	2019-11-26 04:28:10.884431000	12	1150780400
f58905038512b0748670ef95f55daec4	Standard tests (Travis CI)	travis-job-ccecf5de-ddbe-4914-8883-d9724294d425	2	amd64 / Linux / 4.15.0-1028-gcp	travis	db_11_2_xe	OraBench (Python 3.5.2)	cx_Oracle (Version v7.2.3)	8	SELECT data FROM ora_bench_table WHERE key = :key	0	0	1024	512	1024	100000	256	query	2019-11-26 04:28:10.884589000	2019-11-26 04:28:31.477727000	21	2059313800
f58905038512b0748670ef95f55daec4	Standard tests (Travis CI)	travis-job-ccecf5de-ddbe-4914-8883-d9724294d425	2	amd64 / Linux / 4.15.0-1028-gcp	travis	db_11_2_xe	OraBench (Python 3.5.2)	cx_Oracle (Version v7.2.3)	8		0	0	1024	512	1024	100000	256	trial	2019-11-26 04:27:59.335535000	2019-11-26 04:28:31.983644000	33	3264810900
f58905038512b0748670ef95f55daec4	Standard tests (Travis CI)	travis-job-ccecf5de-ddbe-4914-8883-d9724294d425	2	amd64 / Linux / 4.15.0-1028-gcp	travis	db_11_2_xe	OraBench (Python 3.5.2)	cx_Oracle (Version v7.2.3)	9	INSERT INTO ora_bench_table (key, data) VALUES (:1, :2)	0	0	1024	512	1024	100000	256	query	2019-11-26 04:28:32.064186000	2019-11-26 04:28:42.504208000	10	1044002200
f58905038512b0748670ef95f55daec4	Standard tests (Travis CI)	travis-job-ccecf5de-ddbe-4914-8883-d9724294d425	2	amd64 / Linux / 4.15.0-1028-gcp	travis	db_11_2_xe	OraBench (Python 3.5.2)	cx_Oracle (Version v7.2.3)	9	SELECT data FROM ora_bench_table WHERE key = :key	0	0	1024	512	1024	100000	256	query	2019-11-26 04:28:42.504353000	2019-11-26 04:29:03.439324000	21	2093497100
f58905038512b0748670ef95f55daec4	Standard tests (Travis CI)	travis-job-ccecf5de-ddbe-4914-8883-d9724294d425	2	amd64 / Linux / 4.15.0-1028-gcp	travis	db_11_2_xe	OraBench (Python 3.5.2)	cx_Oracle (Version v7.2.3)	9		0	0	1024	512	1024	100000	256	trial	2019-11-26 04:28:31.983752000	2019-11-26 04:29:03.953844000	32	3197009200
f58905038512b0748670ef95f55daec4	Standard tests (Travis CI)	travis-job-ccecf5de-ddbe-4914-8883-d9724294d425	2	amd64 / Linux / 4.15.0-1028-gcp	travis	db_11_2_xe	OraBench (Python 3.5.2)	cx_Oracle (Version v7.2.3)	10	INSERT INTO ora_bench_table (key, data) VALUES (:1, :2)	0	0	1024	512	1024	100000	256	query	2019-11-26 04:29:04.024270000	2019-11-26 04:29:14.942673000	11	1091840300
f58905038512b0748670ef95f55daec4	Standard tests (Travis CI)	travis-job-ccecf5de-ddbe-4914-8883-d9724294d425	2	amd64 / Linux / 4.15.0-1028-gcp	travis	db_11_2_xe	OraBench (Python 3.5.2)	cx_Oracle (Version v7.2.3)	10	SELECT data FROM ora_bench_table WHERE key = :key	0	0	1024	512	1024	100000	256	query	2019-11-26 04:29:14.942970000	2019-11-26 04:29:35.929261000	21	2098629100
f58905038512b0748670ef95f55daec4	Standard tests (Travis CI)	travis-job-ccecf5de-ddbe-4914-8883-d9724294d425	2	amd64 / Linux / 4.15.0-1028-gcp	travis	db_11_2_xe	OraBench (Python 3.5.2)	cx_Oracle (Version v7.2.3)	10		0	0	1024	512	1024	100000	256	trial	2019-11-26 04:29:03.953959000	2019-11-26 04:29:36.426625000	32	3247266600
f58905038512b0748670ef95f55daec4	Standard tests (Travis CI)	travis-job-ccecf5de-ddbe-4914-8883-d9724294d425	2	amd64 / Linux / 4.15.0-1028-gcp	travis	db_11_2_xe	OraBench (Python 3.5.2)	cx_Oracle (Version v7.2.3)	0		0	0	1024	512	1024	100000	256	benchmark	2019-11-26 04:24:16.677827000	2019-11-26 04:29:36.428822000	320	31975099500
f58905038512b0748670ef95f55daec4	Standard tests (Travis CI)	travis-job-ccecf5de-ddbe-4914-8883-d9724294d425	2	amd64 / Linux / 4.15.0-1028-gcp	travis	db_11_2_xe	OraBench (Java 11.0.2)	JDBC (Version 19.3.0.0.0)	1	INSERT INTO ora_bench_table (key, data) VALUES (:key, :data)	0	0	1024	512	1024	100000	256	query	2019-11-26 04:29:40.061362000	2019-11-26 04:29:52.223840000	12	12162472129
f58905038512b0748670ef95f55daec4	Standard tests (Travis CI)	travis-job-ccecf5de-ddbe-4914-8883-d9724294d425	2	amd64 / Linux / 4.15.0-1028-gcp	travis	db_11_2_xe	OraBench (Java 11.0.2)	JDBC (Version 19.3.0.0.0)	1	SELECT data FROM ora_bench_table WHERE key = :key	0	0	1024	512	1024	100000	256	query	2019-11-26 04:29:52.226914000	2019-11-26 04:30:10.362674000	18	18135777813
f58905038512b0748670ef95f55daec4	Standard tests (Travis CI)	travis-job-ccecf5de-ddbe-4914-8883-d9724294d425	2	amd64 / Linux / 4.15.0-1028-gcp	travis	db_11_2_xe	OraBench (Java 11.0.2)	JDBC (Version 19.3.0.0.0)	1		0	0	1024	512	1024	100000	256	trial	2019-11-26 04:29:39.820812000	2019-11-26 04:30:10.853663000	31	31032848652
f58905038512b0748670ef95f55daec4	Standard tests (Travis CI)	travis-job-ccecf5de-ddbe-4914-8883-d9724294d425	2	amd64 / Linux / 4.15.0-1028-gcp	travis	db_11_2_xe	OraBench (Java 11.0.2)	JDBC (Version 19.3.0.0.0)	2	INSERT INTO ora_bench_table (key, data) VALUES (:key, :data)	0	0	1024	512	1024	100000	256	query	2019-11-26 04:30:10.863493000	2019-11-26 04:30:21.042988000	10	10179517797
f58905038512b0748670ef95f55daec4	Standard tests (Travis CI)	travis-job-ccecf5de-ddbe-4914-8883-d9724294d425	2	amd64 / Linux / 4.15.0-1028-gcp	travis	db_11_2_xe	OraBench (Java 11.0.2)	JDBC (Version 19.3.0.0.0)	2	SELECT data FROM ora_bench_table WHERE key = :key	0	0	1024	512	1024	100000	256	query	2019-11-26 04:30:21.043343000	2019-11-26 04:30:37.852896000	17	16809568997
f58905038512b0748670ef95f55daec4	Standard tests (Travis CI)	travis-job-ccecf5de-ddbe-4914-8883-d9724294d425	2	amd64 / Linux / 4.15.0-1028-gcp	travis	db_11_2_xe	OraBench (Java 11.0.2)	JDBC (Version 19.3.0.0.0)	2		0	0	1024	512	1024	100000	256	trial	2019-11-26 04:30:10.854059000	2019-11-26 04:30:38.360545000	28	27506500365
f58905038512b0748670ef95f55daec4	Standard tests (Travis CI)	travis-job-ccecf5de-ddbe-4914-8883-d9724294d425	2	amd64 / Linux / 4.15.0-1028-gcp	travis	db_11_2_xe	OraBench (Java 11.0.2)	JDBC (Version 19.3.0.0.0)	3	INSERT INTO ora_bench_table (key, data) VALUES (:key, :data)	0	0	1024	512	1024	100000	256	query	2019-11-26 04:30:38.370627000	2019-11-26 04:30:50.693305000	12	12322682500
f58905038512b0748670ef95f55daec4	Standard tests (Travis CI)	travis-job-ccecf5de-ddbe-4914-8883-d9724294d425	2	amd64 / Linux / 4.15.0-1028-gcp	travis	db_11_2_xe	OraBench (Java 11.0.2)	JDBC (Version 19.3.0.0.0)	3	SELECT data FROM ora_bench_table WHERE key = :key	0	0	1024	512	1024	100000	256	query	2019-11-26 04:30:50.693651000	2019-11-26 04:31:07.587061000	17	16893421531
f58905038512b0748670ef95f55daec4	Standard tests (Travis CI)	travis-job-ccecf5de-ddbe-4914-8883-d9724294d425	2	amd64 / Linux / 4.15.0-1028-gcp	travis	db_11_2_xe	OraBench (Java 11.0.2)	JDBC (Version 19.3.0.0.0)	3		0	0	1024	512	1024	100000	256	trial	2019-11-26 04:30:38.361486000	2019-11-26 04:31:08.102428000	30	29740949646
f58905038512b0748670ef95f55daec4	Standard tests (Travis CI)	travis-job-ccecf5de-ddbe-4914-8883-d9724294d425	2	amd64 / Linux / 4.15.0-1028-gcp	travis	db_11_2_xe	OraBench (Java 11.0.2)	JDBC (Version 19.3.0.0.0)	4	INSERT INTO ora_bench_table (key, data) VALUES (:key, :data)	0	0	1024	512	1024	100000	256	query	2019-11-26 04:31:08.112113000	2019-11-26 04:31:18.951713000	11	10839138072
f58905038512b0748670ef95f55daec4	Standard tests (Travis CI)	travis-job-ccecf5de-ddbe-4914-8883-d9724294d425	2	amd64 / Linux / 4.15.0-1028-gcp	travis	db_11_2_xe	OraBench (Java 11.0.2)	JDBC (Version 19.3.0.0.0)	4	SELECT data FROM ora_bench_table WHERE key = :key	0	0	1024	512	1024	100000	256	query	2019-11-26 04:31:18.952077000	2019-11-26 04:31:35.637134000	17	16685073061
f58905038512b0748670ef95f55daec4	Standard tests (Travis CI)	travis-job-ccecf5de-ddbe-4914-8883-d9724294d425	2	amd64 / Linux / 4.15.0-1028-gcp	travis	db_11_2_xe	OraBench (Java 11.0.2)	JDBC (Version 19.3.0.0.0)	4		0	0	1024	512	1024	100000	256	trial	2019-11-26 04:31:08.102731000	2019-11-26 04:31:36.124756000	28	28022036113
f58905038512b0748670ef95f55daec4	Standard tests (Travis CI)	travis-job-ccecf5de-ddbe-4914-8883-d9724294d425	2	amd64 / Linux / 4.15.0-1028-gcp	travis	db_11_2_xe	OraBench (Java 11.0.2)	JDBC (Version 19.3.0.0.0)	5	INSERT INTO ora_bench_table (key, data) VALUES (:key, :data)	0	0	1024	512	1024	100000	256	query	2019-11-26 04:31:36.135905000	2019-11-26 04:31:47.396740000	11	11260825080
f58905038512b0748670ef95f55daec4	Standard tests (Travis CI)	travis-job-ccecf5de-ddbe-4914-8883-d9724294d425	2	amd64 / Linux / 4.15.0-1028-gcp	travis	db_11_2_xe	OraBench (Java 11.0.2)	JDBC (Version 19.3.0.0.0)	5	SELECT data FROM ora_bench_table WHERE key = :key	0	0	1024	512	1024	100000	256	query	2019-11-26 04:31:47.397016000	2019-11-26 04:32:04.126666000	17	16729676066
f58905038512b0748670ef95f55daec4	Standard tests (Travis CI)	travis-job-ccecf5de-ddbe-4914-8883-d9724294d425	2	amd64 / Linux / 4.15.0-1028-gcp	travis	db_11_2_xe	OraBench (Java 11.0.2)	JDBC (Version 19.3.0.0.0)	5		0	0	1024	512	1024	100000	256	trial	2019-11-26 04:31:36.126073000	2019-11-26 04:32:04.594462000	28	28468385322
f58905038512b0748670ef95f55daec4	Standard tests (Travis CI)	travis-job-ccecf5de-ddbe-4914-8883-d9724294d425	2	amd64 / Linux / 4.15.0-1028-gcp	travis	db_11_2_xe	OraBench (Java 11.0.2)	JDBC (Version 19.3.0.0.0)	6	INSERT INTO ora_bench_table (key, data) VALUES (:key, :data)	0	0	1024	512	1024	100000	256	query	2019-11-26 04:32:04.603966000	2019-11-26 04:32:16.890152000	12	12286211560
f58905038512b0748670ef95f55daec4	Standard tests (Travis CI)	travis-job-ccecf5de-ddbe-4914-8883-d9724294d425	2	amd64 / Linux / 4.15.0-1028-gcp	travis	db_11_2_xe	OraBench (Java 11.0.2)	JDBC (Version 19.3.0.0.0)	6	SELECT data FROM ora_bench_table WHERE key = :key	0	0	1024	512	1024	100000	256	query	2019-11-26 04:32:16.890441000	2019-11-26 04:32:34.459728000	18	17569330944
f58905038512b0748670ef95f55daec4	Standard tests (Travis CI)	travis-job-ccecf5de-ddbe-4914-8883-d9724294d425	2	amd64 / Linux / 4.15.0-1028-gcp	travis	db_11_2_xe	OraBench (Java 11.0.2)	JDBC (Version 19.3.0.0.0)	6		0	0	1024	512	1024	100000	256	trial	2019-11-26 04:32:04.594726000	2019-11-26 04:32:35.036857000	30	30442148110
f58905038512b0748670ef95f55daec4	Standard tests (Travis CI)	travis-job-ccecf5de-ddbe-4914-8883-d9724294d425	2	amd64 / Linux / 4.15.0-1028-gcp	travis	db_11_2_xe	OraBench (Java 11.0.2)	JDBC (Version 19.3.0.0.0)	7	INSERT INTO ora_bench_table (key, data) VALUES (:key, :data)	0	0	1024	512	1024	100000	256	query	2019-11-26 04:32:35.050522000	2019-11-26 04:32:44.608067000	10	9557548183
f58905038512b0748670ef95f55daec4	Standard tests (Travis CI)	travis-job-ccecf5de-ddbe-4914-8883-d9724294d425	2	amd64 / Linux / 4.15.0-1028-gcp	travis	db_11_2_xe	OraBench (Java 11.0.2)	JDBC (Version 19.3.0.0.0)	7	SELECT data FROM ora_bench_table WHERE key = :key	0	0	1024	512	1024	100000	256	query	2019-11-26 04:32:44.608339000	2019-11-26 04:33:01.560360000	17	16952039164
f58905038512b0748670ef95f55daec4	Standard tests (Travis CI)	travis-job-ccecf5de-ddbe-4914-8883-d9724294d425	2	amd64 / Linux / 4.15.0-1028-gcp	travis	db_11_2_xe	OraBench (Java 11.0.2)	JDBC (Version 19.3.0.0.0)	7		0	0	1024	512	1024	100000	256	trial	2019-11-26 04:32:35.038931000	2019-11-26 04:33:02.030374000	27	26991453387
f58905038512b0748670ef95f55daec4	Standard tests (Travis CI)	travis-job-ccecf5de-ddbe-4914-8883-d9724294d425	2	amd64 / Linux / 4.15.0-1028-gcp	travis	db_11_2_xe	OraBench (Java 11.0.2)	JDBC (Version 19.3.0.0.0)	8	INSERT INTO ora_bench_table (key, data) VALUES (:key, :data)	0	0	1024	512	1024	100000	256	query	2019-11-26 04:33:02.072630000	2019-11-26 04:33:14.120558000	12	12047916382
f58905038512b0748670ef95f55daec4	Standard tests (Travis CI)	travis-job-ccecf5de-ddbe-4914-8883-d9724294d425	2	amd64 / Linux / 4.15.0-1028-gcp	travis	db_11_2_xe	OraBench (Java 11.0.2)	JDBC (Version 19.3.0.0.0)	8	SELECT data FROM ora_bench_table WHERE key = :key	0	0	1024	512	1024	100000	256	query	2019-11-26 04:33:14.120806000	2019-11-26 04:33:31.157827000	17	17037042421
f58905038512b0748670ef95f55daec4	Standard tests (Travis CI)	travis-job-ccecf5de-ddbe-4914-8883-d9724294d425	2	amd64 / Linux / 4.15.0-1028-gcp	travis	db_11_2_xe	OraBench (Java 11.0.2)	JDBC (Version 19.3.0.0.0)	8		0	0	1024	512	1024	100000	256	trial	2019-11-26 04:33:02.030586000	2019-11-26 04:33:31.604019000	30	29573454092
f58905038512b0748670ef95f55daec4	Standard tests (Travis CI)	travis-job-ccecf5de-ddbe-4914-8883-d9724294d425	2	amd64 / Linux / 4.15.0-1028-gcp	travis	db_11_2_xe	OraBench (Java 11.0.2)	JDBC (Version 19.3.0.0.0)	9	INSERT INTO ora_bench_table (key, data) VALUES (:key, :data)	0	0	1024	512	1024	100000	256	query	2019-11-26 04:33:31.680943000	2019-11-26 04:33:42.487935000	11	10806992405
f58905038512b0748670ef95f55daec4	Standard tests (Travis CI)	travis-job-ccecf5de-ddbe-4914-8883-d9724294d425	2	amd64 / Linux / 4.15.0-1028-gcp	travis	db_11_2_xe	OraBench (Java 11.0.2)	JDBC (Version 19.3.0.0.0)	9	SELECT data FROM ora_bench_table WHERE key = :key	0	0	1024	512	1024	100000	256	query	2019-11-26 04:33:42.488140000	2019-11-26 04:33:59.420518000	17	16932398084
f58905038512b0748670ef95f55daec4	Standard tests (Travis CI)	travis-job-ccecf5de-ddbe-4914-8883-d9724294d425	2	amd64 / Linux / 4.15.0-1028-gcp	travis	db_11_2_xe	OraBench (Java 11.0.2)	JDBC (Version 19.3.0.0.0)	9		0	0	1024	512	1024	100000	256	trial	2019-11-26 04:33:31.604317000	2019-11-26 04:33:59.876989000	28	28272685123
f58905038512b0748670ef95f55daec4	Standard tests (Travis CI)	travis-job-ccecf5de-ddbe-4914-8883-d9724294d425	2	amd64 / Linux / 4.15.0-1028-gcp	travis	db_11_2_xe	OraBench (Java 11.0.2)	JDBC (Version 19.3.0.0.0)	10	INSERT INTO ora_bench_table (key, data) VALUES (:key, :data)	0	0	1024	512	1024	100000	256	query	2019-11-26 04:33:59.976668000	2019-11-26 04:34:11.247553000	11	11270885379
f58905038512b0748670ef95f55daec4	Standard tests (Travis CI)	travis-job-ccecf5de-ddbe-4914-8883-d9724294d425	2	amd64 / Linux / 4.15.0-1028-gcp	travis	db_11_2_xe	OraBench (Java 11.0.2)	JDBC (Version 19.3.0.0.0)	10	SELECT data FROM ora_bench_table WHERE key = :key	0	0	1024	512	1024	100000	256	query	2019-11-26 04:34:11.247800000	2019-11-26 04:34:27.832913000	17	16585126393
f58905038512b0748670ef95f55daec4	Standard tests (Travis CI)	travis-job-ccecf5de-ddbe-4914-8883-d9724294d425	2	amd64 / Linux / 4.15.0-1028-gcp	travis	db_11_2_xe	OraBench (Java 11.0.2)	JDBC (Version 19.3.0.0.0)	10		0	0	1024	512	1024	100000	256	trial	2019-11-26 04:33:59.877168000	2019-11-26 04:34:28.262514000	28	28385373045
f58905038512b0748670ef95f55daec4	Standard tests (Travis CI)	travis-job-ccecf5de-ddbe-4914-8883-d9724294d425	2	amd64 / Linux / 4.15.0-1028-gcp	travis	db_11_2_xe	OraBench (Java 11.0.2)	JDBC (Version 19.3.0.0.0)	0		0	0	1024	512	1024	100000	256	benchmark	2019-11-26 04:29:36.998411000	2019-11-26 04:34:28.264742000	291	291265957561
761c1d4f236e5a7af451abf101422742	Standard tests (Travis CI)	travis-job-906e52fc-3257-44ea-8caf-9e9c85c06426	2	amd64 / Linux / 4.15.0-1028-gcp	travis	db_12_2_ee	OraBench (Python 3.5.2)	cx_Oracle (Version v7.2.3)	1	INSERT INTO ora_bench_table (key, data) VALUES (:1, :2)	0	0	1024	512	1024	100000	256	query	2019-11-26 04:56:02.655139000	2019-11-26 04:56:08.229001000	6	557386200
761c1d4f236e5a7af451abf101422742	Standard tests (Travis CI)	travis-job-906e52fc-3257-44ea-8caf-9e9c85c06426	2	amd64 / Linux / 4.15.0-1028-gcp	travis	db_12_2_ee	OraBench (Python 3.5.2)	cx_Oracle (Version v7.2.3)	1	SELECT data FROM ora_bench_table WHERE key = :key	0	0	1024	512	1024	100000	256	query	2019-11-26 04:56:08.230651000	2019-11-26 04:56:30.129252000	22	2189860100
761c1d4f236e5a7af451abf101422742	Standard tests (Travis CI)	travis-job-906e52fc-3257-44ea-8caf-9e9c85c06426	2	amd64 / Linux / 4.15.0-1028-gcp	travis	db_12_2_ee	OraBench (Python 3.5.2)	cx_Oracle (Version v7.2.3)	1		0	0	1024	512	1024	100000	256	trial	2019-11-26 04:56:02.607907000	2019-11-26 04:56:31.408206000	29	2880029900
761c1d4f236e5a7af451abf101422742	Standard tests (Travis CI)	travis-job-906e52fc-3257-44ea-8caf-9e9c85c06426	2	amd64 / Linux / 4.15.0-1028-gcp	travis	db_12_2_ee	OraBench (Python 3.5.2)	cx_Oracle (Version v7.2.3)	2	INSERT INTO ora_bench_table (key, data) VALUES (:1, :2)	0	0	1024	512	1024	100000	256	query	2019-11-26 04:56:31.419977000	2019-11-26 04:56:35.004200000	4	358422300
761c1d4f236e5a7af451abf101422742	Standard tests (Travis CI)	travis-job-906e52fc-3257-44ea-8caf-9e9c85c06426	2	amd64 / Linux / 4.15.0-1028-gcp	travis	db_12_2_ee	OraBench (Python 3.5.2)	cx_Oracle (Version v7.2.3)	2	SELECT data FROM ora_bench_table WHERE key = :key	0	0	1024	512	1024	100000	256	query	2019-11-26 04:56:35.004358000	2019-11-26 04:56:57.734305000	23	2272994700
761c1d4f236e5a7af451abf101422742	Standard tests (Travis CI)	travis-job-906e52fc-3257-44ea-8caf-9e9c85c06426	2	amd64 / Linux / 4.15.0-1028-gcp	travis	db_12_2_ee	OraBench (Python 3.5.2)	cx_Oracle (Version v7.2.3)	2		0	0	1024	512	1024	100000	256	trial	2019-11-26 04:56:31.408339000	2019-11-26 04:56:58.818858000	27	2741051900
761c1d4f236e5a7af451abf101422742	Standard tests (Travis CI)	travis-job-906e52fc-3257-44ea-8caf-9e9c85c06426	2	amd64 / Linux / 4.15.0-1028-gcp	travis	db_12_2_ee	OraBench (Python 3.5.2)	cx_Oracle (Version v7.2.3)	3	INSERT INTO ora_bench_table (key, data) VALUES (:1, :2)	0	0	1024	512	1024	100000	256	query	2019-11-26 04:56:58.832252000	2019-11-26 04:57:03.188869000	4	435661700
761c1d4f236e5a7af451abf101422742	Standard tests (Travis CI)	travis-job-906e52fc-3257-44ea-8caf-9e9c85c06426	2	amd64 / Linux / 4.15.0-1028-gcp	travis	db_12_2_ee	OraBench (Python 3.5.2)	cx_Oracle (Version v7.2.3)	3	SELECT data FROM ora_bench_table WHERE key = :key	0	0	1024	512	1024	100000	256	query	2019-11-26 04:57:03.189023000	2019-11-26 04:57:25.343705000	22	2215468200
761c1d4f236e5a7af451abf101422742	Standard tests (Travis CI)	travis-job-906e52fc-3257-44ea-8caf-9e9c85c06426	2	amd64 / Linux / 4.15.0-1028-gcp	travis	db_12_2_ee	OraBench (Python 3.5.2)	cx_Oracle (Version v7.2.3)	3		0	0	1024	512	1024	100000	256	trial	2019-11-26 04:56:58.818990000	2019-11-26 04:57:26.458875000	28	2763988500
761c1d4f236e5a7af451abf101422742	Standard tests (Travis CI)	travis-job-906e52fc-3257-44ea-8caf-9e9c85c06426	2	amd64 / Linux / 4.15.0-1028-gcp	travis	db_12_2_ee	OraBench (Python 3.5.2)	cx_Oracle (Version v7.2.3)	4	INSERT INTO ora_bench_table (key, data) VALUES (:1, :2)	0	0	1024	512	1024	100000	256	query	2019-11-26 04:57:26.471504000	2019-11-26 04:57:30.107878000	4	363637400
761c1d4f236e5a7af451abf101422742	Standard tests (Travis CI)	travis-job-906e52fc-3257-44ea-8caf-9e9c85c06426	2	amd64 / Linux / 4.15.0-1028-gcp	travis	db_12_2_ee	OraBench (Python 3.5.2)	cx_Oracle (Version v7.2.3)	4	SELECT data FROM ora_bench_table WHERE key = :key	0	0	1024	512	1024	100000	256	query	2019-11-26 04:57:30.108053000	2019-11-26 04:57:52.123864000	22	2201581100
761c1d4f236e5a7af451abf101422742	Standard tests (Travis CI)	travis-job-906e52fc-3257-44ea-8caf-9e9c85c06426	2	amd64 / Linux / 4.15.0-1028-gcp	travis	db_12_2_ee	OraBench (Python 3.5.2)	cx_Oracle (Version v7.2.3)	4		0	0	1024	512	1024	100000	256	trial	2019-11-26 04:57:26.458996000	2019-11-26 04:57:53.226610000	27	2676761400
761c1d4f236e5a7af451abf101422742	Standard tests (Travis CI)	travis-job-906e52fc-3257-44ea-8caf-9e9c85c06426	2	amd64 / Linux / 4.15.0-1028-gcp	travis	db_12_2_ee	OraBench (Python 3.5.2)	cx_Oracle (Version v7.2.3)	5	INSERT INTO ora_bench_table (key, data) VALUES (:1, :2)	0	0	1024	512	1024	100000	256	query	2019-11-26 04:57:53.238408000	2019-11-26 04:57:56.766425000	4	352801700
761c1d4f236e5a7af451abf101422742	Standard tests (Travis CI)	travis-job-906e52fc-3257-44ea-8caf-9e9c85c06426	2	amd64 / Linux / 4.15.0-1028-gcp	travis	db_12_2_ee	OraBench (Python 3.5.2)	cx_Oracle (Version v7.2.3)	5	SELECT data FROM ora_bench_table WHERE key = :key	0	0	1024	512	1024	100000	256	query	2019-11-26 04:57:56.766595000	2019-11-26 04:58:19.302034000	23	2253543900
761c1d4f236e5a7af451abf101422742	Standard tests (Travis CI)	travis-job-906e52fc-3257-44ea-8caf-9e9c85c06426	2	amd64 / Linux / 4.15.0-1028-gcp	travis	db_12_2_ee	OraBench (Python 3.5.2)	cx_Oracle (Version v7.2.3)	5		0	0	1024	512	1024	100000	256	trial	2019-11-26 04:57:53.226731000	2019-11-26 04:58:20.349431000	27	2712270000
761c1d4f236e5a7af451abf101422742	Standard tests (Travis CI)	travis-job-906e52fc-3257-44ea-8caf-9e9c85c06426	2	amd64 / Linux / 4.15.0-1028-gcp	travis	db_12_2_ee	OraBench (Python 3.5.2)	cx_Oracle (Version v7.2.3)	6	INSERT INTO ora_bench_table (key, data) VALUES (:1, :2)	0	0	1024	512	1024	100000	256	query	2019-11-26 04:58:20.373072000	2019-11-26 04:58:24.072715000	4	369964300
761c1d4f236e5a7af451abf101422742	Standard tests (Travis CI)	travis-job-906e52fc-3257-44ea-8caf-9e9c85c06426	2	amd64 / Linux / 4.15.0-1028-gcp	travis	db_12_2_ee	OraBench (Python 3.5.2)	cx_Oracle (Version v7.2.3)	6	SELECT data FROM ora_bench_table WHERE key = :key	0	0	1024	512	1024	100000	256	query	2019-11-26 04:58:24.072887000	2019-11-26 04:58:45.299778000	21	2122689100
761c1d4f236e5a7af451abf101422742	Standard tests (Travis CI)	travis-job-906e52fc-3257-44ea-8caf-9e9c85c06426	2	amd64 / Linux / 4.15.0-1028-gcp	travis	db_12_2_ee	OraBench (Python 3.5.2)	cx_Oracle (Version v7.2.3)	6		0	0	1024	512	1024	100000	256	trial	2019-11-26 04:58:20.349550000	2019-11-26 04:58:46.347136000	26	2599758600
761c1d4f236e5a7af451abf101422742	Standard tests (Travis CI)	travis-job-906e52fc-3257-44ea-8caf-9e9c85c06426	2	amd64 / Linux / 4.15.0-1028-gcp	travis	db_12_2_ee	OraBench (Python 3.5.2)	cx_Oracle (Version v7.2.3)	7	INSERT INTO ora_bench_table (key, data) VALUES (:1, :2)	0	0	1024	512	1024	100000	256	query	2019-11-26 04:58:46.357750000	2019-11-26 04:58:50.232898000	4	387514800
761c1d4f236e5a7af451abf101422742	Standard tests (Travis CI)	travis-job-906e52fc-3257-44ea-8caf-9e9c85c06426	2	amd64 / Linux / 4.15.0-1028-gcp	travis	db_12_2_ee	OraBench (Python 3.5.2)	cx_Oracle (Version v7.2.3)	7	SELECT data FROM ora_bench_table WHERE key = :key	0	0	1024	512	1024	100000	256	query	2019-11-26 04:58:50.233085000	2019-11-26 04:59:11.895631000	22	2166254600
761c1d4f236e5a7af451abf101422742	Standard tests (Travis CI)	travis-job-906e52fc-3257-44ea-8caf-9e9c85c06426	2	amd64 / Linux / 4.15.0-1028-gcp	travis	db_12_2_ee	OraBench (Python 3.5.2)	cx_Oracle (Version v7.2.3)	7		0	0	1024	512	1024	100000	256	trial	2019-11-26 04:58:46.347262000	2019-11-26 04:59:12.953550000	27	2660628800
761c1d4f236e5a7af451abf101422742	Standard tests (Travis CI)	travis-job-906e52fc-3257-44ea-8caf-9e9c85c06426	2	amd64 / Linux / 4.15.0-1028-gcp	travis	db_12_2_ee	OraBench (Python 3.5.2)	cx_Oracle (Version v7.2.3)	8	INSERT INTO ora_bench_table (key, data) VALUES (:1, :2)	0	0	1024	512	1024	100000	256	query	2019-11-26 04:59:12.965094000	2019-11-26 04:59:17.730548000	5	476545400
761c1d4f236e5a7af451abf101422742	Standard tests (Travis CI)	travis-job-906e52fc-3257-44ea-8caf-9e9c85c06426	2	amd64 / Linux / 4.15.0-1028-gcp	travis	db_12_2_ee	OraBench (Python 3.5.2)	cx_Oracle (Version v7.2.3)	8	SELECT data FROM ora_bench_table WHERE key = :key	0	0	1024	512	1024	100000	256	query	2019-11-26 04:59:17.730701000	2019-11-26 04:59:38.937184000	21	2120648300
761c1d4f236e5a7af451abf101422742	Standard tests (Travis CI)	travis-job-906e52fc-3257-44ea-8caf-9e9c85c06426	2	amd64 / Linux / 4.15.0-1028-gcp	travis	db_12_2_ee	OraBench (Python 3.5.2)	cx_Oracle (Version v7.2.3)	8		0	0	1024	512	1024	100000	256	trial	2019-11-26 04:59:12.953671000	2019-11-26 04:59:40.032122000	27	2707845100
761c1d4f236e5a7af451abf101422742	Standard tests (Travis CI)	travis-job-906e52fc-3257-44ea-8caf-9e9c85c06426	2	amd64 / Linux / 4.15.0-1028-gcp	travis	db_12_2_ee	OraBench (Python 3.5.2)	cx_Oracle (Version v7.2.3)	9	INSERT INTO ora_bench_table (key, data) VALUES (:1, :2)	0	0	1024	512	1024	100000	256	query	2019-11-26 04:59:40.043265000	2019-11-26 04:59:44.882623000	5	483935800
761c1d4f236e5a7af451abf101422742	Standard tests (Travis CI)	travis-job-906e52fc-3257-44ea-8caf-9e9c85c06426	2	amd64 / Linux / 4.15.0-1028-gcp	travis	db_12_2_ee	OraBench (Python 3.5.2)	cx_Oracle (Version v7.2.3)	9	SELECT data FROM ora_bench_table WHERE key = :key	0	0	1024	512	1024	100000	256	query	2019-11-26 04:59:44.882785000	2019-11-26 05:00:06.184658000	21	2130187300
761c1d4f236e5a7af451abf101422742	Standard tests (Travis CI)	travis-job-906e52fc-3257-44ea-8caf-9e9c85c06426	2	amd64 / Linux / 4.15.0-1028-gcp	travis	db_12_2_ee	OraBench (Python 3.5.2)	cx_Oracle (Version v7.2.3)	9		0	0	1024	512	1024	100000	256	trial	2019-11-26 04:59:40.032245000	2019-11-26 05:00:07.194579000	27	2716233400
761c1d4f236e5a7af451abf101422742	Standard tests (Travis CI)	travis-job-906e52fc-3257-44ea-8caf-9e9c85c06426	2	amd64 / Linux / 4.15.0-1028-gcp	travis	db_12_2_ee	OraBench (Python 3.5.2)	cx_Oracle (Version v7.2.3)	10	INSERT INTO ora_bench_table (key, data) VALUES (:1, :2)	0	0	1024	512	1024	100000	256	query	2019-11-26 05:00:07.205864000	2019-11-26 05:00:12.094010000	5	488814600
761c1d4f236e5a7af451abf101422742	Standard tests (Travis CI)	travis-job-906e52fc-3257-44ea-8caf-9e9c85c06426	2	amd64 / Linux / 4.15.0-1028-gcp	travis	db_12_2_ee	OraBench (Python 3.5.2)	cx_Oracle (Version v7.2.3)	10	SELECT data FROM ora_bench_table WHERE key = :key	0	0	1024	512	1024	100000	256	query	2019-11-26 05:00:12.094182000	2019-11-26 05:00:33.675406000	22	2158122400
761c1d4f236e5a7af451abf101422742	Standard tests (Travis CI)	travis-job-906e52fc-3257-44ea-8caf-9e9c85c06426	2	amd64 / Linux / 4.15.0-1028-gcp	travis	db_12_2_ee	OraBench (Python 3.5.2)	cx_Oracle (Version v7.2.3)	10		0	0	1024	512	1024	100000	256	trial	2019-11-26 05:00:07.194702000	2019-11-26 05:00:34.774073000	28	2757937100
761c1d4f236e5a7af451abf101422742	Standard tests (Travis CI)	travis-job-906e52fc-3257-44ea-8caf-9e9c85c06426	2	amd64 / Linux / 4.15.0-1028-gcp	travis	db_12_2_ee	OraBench (Python 3.5.2)	cx_Oracle (Version v7.2.3)	0		0	0	1024	512	1024	100000	256	benchmark	2019-11-26 04:56:01.027184000	2019-11-26 05:00:34.778555000	274	27375137100
761c1d4f236e5a7af451abf101422742	Standard tests (Travis CI)	travis-job-906e52fc-3257-44ea-8caf-9e9c85c06426	2	amd64 / Linux / 4.15.0-1028-gcp	travis	db_12_2_ee	OraBench (Java 11.0.2)	JDBC (Version 19.3.0.0.0)	1	INSERT INTO ora_bench_table (key, data) VALUES (:key, :data)	0	0	1024	512	1024	100000	256	query	2019-11-26 05:00:38.621033000	2019-11-26 05:00:43.135593000	5	4514571382
761c1d4f236e5a7af451abf101422742	Standard tests (Travis CI)	travis-job-906e52fc-3257-44ea-8caf-9e9c85c06426	2	amd64 / Linux / 4.15.0-1028-gcp	travis	db_12_2_ee	OraBench (Java 11.0.2)	JDBC (Version 19.3.0.0.0)	1	SELECT data FROM ora_bench_table WHERE key = :key	0	0	1024	512	1024	100000	256	query	2019-11-26 05:00:43.140002000	2019-11-26 05:01:01.627445000	18	18487454691
761c1d4f236e5a7af451abf101422742	Standard tests (Travis CI)	travis-job-906e52fc-3257-44ea-8caf-9e9c85c06426	2	amd64 / Linux / 4.15.0-1028-gcp	travis	db_12_2_ee	OraBench (Java 11.0.2)	JDBC (Version 19.3.0.0.0)	1		0	0	1024	512	1024	100000	256	trial	2019-11-26 05:00:38.327825000	2019-11-26 05:01:02.584214000	24	24256378206
761c1d4f236e5a7af451abf101422742	Standard tests (Travis CI)	travis-job-906e52fc-3257-44ea-8caf-9e9c85c06426	2	amd64 / Linux / 4.15.0-1028-gcp	travis	db_12_2_ee	OraBench (Java 11.0.2)	JDBC (Version 19.3.0.0.0)	2	INSERT INTO ora_bench_table (key, data) VALUES (:key, :data)	0	0	1024	512	1024	100000	256	query	2019-11-26 05:01:02.596584000	2019-11-26 05:01:05.877551000	3	3280965038
761c1d4f236e5a7af451abf101422742	Standard tests (Travis CI)	travis-job-906e52fc-3257-44ea-8caf-9e9c85c06426	2	amd64 / Linux / 4.15.0-1028-gcp	travis	db_12_2_ee	OraBench (Java 11.0.2)	JDBC (Version 19.3.0.0.0)	2	SELECT data FROM ora_bench_table WHERE key = :key	0	0	1024	512	1024	100000	256	query	2019-11-26 05:01:05.878528000	2019-11-26 05:01:24.067474000	18	18188949473
761c1d4f236e5a7af451abf101422742	Standard tests (Travis CI)	travis-job-906e52fc-3257-44ea-8caf-9e9c85c06426	2	amd64 / Linux / 4.15.0-1028-gcp	travis	db_12_2_ee	OraBench (Java 11.0.2)	JDBC (Version 19.3.0.0.0)	2		0	0	1024	512	1024	100000	256	trial	2019-11-26 05:01:02.584513000	2019-11-26 05:01:25.019778000	22	22435224856
761c1d4f236e5a7af451abf101422742	Standard tests (Travis CI)	travis-job-906e52fc-3257-44ea-8caf-9e9c85c06426	2	amd64 / Linux / 4.15.0-1028-gcp	travis	db_12_2_ee	OraBench (Java 11.0.2)	JDBC (Version 19.3.0.0.0)	3	INSERT INTO ora_bench_table (key, data) VALUES (:key, :data)	0	0	1024	512	1024	100000	256	query	2019-11-26 05:01:25.034068000	2019-11-26 05:01:28.300682000	3	3266619125
761c1d4f236e5a7af451abf101422742	Standard tests (Travis CI)	travis-job-906e52fc-3257-44ea-8caf-9e9c85c06426	2	amd64 / Linux / 4.15.0-1028-gcp	travis	db_12_2_ee	OraBench (Java 11.0.2)	JDBC (Version 19.3.0.0.0)	3	SELECT data FROM ora_bench_table WHERE key = :key	0	0	1024	512	1024	100000	256	query	2019-11-26 05:01:28.301156000	2019-11-26 05:01:46.071568000	18	17770438556
761c1d4f236e5a7af451abf101422742	Standard tests (Travis CI)	travis-job-906e52fc-3257-44ea-8caf-9e9c85c06426	2	amd64 / Linux / 4.15.0-1028-gcp	travis	db_12_2_ee	OraBench (Java 11.0.2)	JDBC (Version 19.3.0.0.0)	3		0	0	1024	512	1024	100000	256	trial	2019-11-26 05:01:25.020158000	2019-11-26 05:01:47.104140000	22	22083996115
761c1d4f236e5a7af451abf101422742	Standard tests (Travis CI)	travis-job-906e52fc-3257-44ea-8caf-9e9c85c06426	2	amd64 / Linux / 4.15.0-1028-gcp	travis	db_12_2_ee	OraBench (Java 11.0.2)	JDBC (Version 19.3.0.0.0)	4	INSERT INTO ora_bench_table (key, data) VALUES (:key, :data)	0	0	1024	512	1024	100000	256	query	2019-11-26 05:01:47.116830000	2019-11-26 05:01:50.484176000	3	3367302625
761c1d4f236e5a7af451abf101422742	Standard tests (Travis CI)	travis-job-906e52fc-3257-44ea-8caf-9e9c85c06426	2	amd64 / Linux / 4.15.0-1028-gcp	travis	db_12_2_ee	OraBench (Java 11.0.2)	JDBC (Version 19.3.0.0.0)	4	SELECT data FROM ora_bench_table WHERE key = :key	0	0	1024	512	1024	100000	256	query	2019-11-26 05:01:50.484542000	2019-11-26 05:02:08.312317000	18	17827792819
761c1d4f236e5a7af451abf101422742	Standard tests (Travis CI)	travis-job-906e52fc-3257-44ea-8caf-9e9c85c06426	2	amd64 / Linux / 4.15.0-1028-gcp	travis	db_12_2_ee	OraBench (Java 11.0.2)	JDBC (Version 19.3.0.0.0)	4		0	0	1024	512	1024	100000	256	trial	2019-11-26 05:01:47.105271000	2019-11-26 05:02:09.332445000	22	22227178467
761c1d4f236e5a7af451abf101422742	Standard tests (Travis CI)	travis-job-906e52fc-3257-44ea-8caf-9e9c85c06426	2	amd64 / Linux / 4.15.0-1028-gcp	travis	db_12_2_ee	OraBench (Java 11.0.2)	JDBC (Version 19.3.0.0.0)	5	INSERT INTO ora_bench_table (key, data) VALUES (:key, :data)	0	0	1024	512	1024	100000	256	query	2019-11-26 05:02:09.347148000	2019-11-26 05:02:13.811585000	4	4464422976
761c1d4f236e5a7af451abf101422742	Standard tests (Travis CI)	travis-job-906e52fc-3257-44ea-8caf-9e9c85c06426	2	amd64 / Linux / 4.15.0-1028-gcp	travis	db_12_2_ee	OraBench (Java 11.0.2)	JDBC (Version 19.3.0.0.0)	5	SELECT data FROM ora_bench_table WHERE key = :key	0	0	1024	512	1024	100000	256	query	2019-11-26 05:02:13.811938000	2019-11-26 05:02:31.499898000	18	17687982237
761c1d4f236e5a7af451abf101422742	Standard tests (Travis CI)	travis-job-906e52fc-3257-44ea-8caf-9e9c85c06426	2	amd64 / Linux / 4.15.0-1028-gcp	travis	db_12_2_ee	OraBench (Java 11.0.2)	JDBC (Version 19.3.0.0.0)	5		0	0	1024	512	1024	100000	256	trial	2019-11-26 05:02:09.332817000	2019-11-26 05:02:32.542042000	23	23209225116
761c1d4f236e5a7af451abf101422742	Standard tests (Travis CI)	travis-job-906e52fc-3257-44ea-8caf-9e9c85c06426	2	amd64 / Linux / 4.15.0-1028-gcp	travis	db_12_2_ee	OraBench (Java 11.0.2)	JDBC (Version 19.3.0.0.0)	6	INSERT INTO ora_bench_table (key, data) VALUES (:key, :data)	0	0	1024	512	1024	100000	256	query	2019-11-26 05:02:32.554056000	2019-11-26 05:02:35.899419000	3	3345364714
761c1d4f236e5a7af451abf101422742	Standard tests (Travis CI)	travis-job-906e52fc-3257-44ea-8caf-9e9c85c06426	2	amd64 / Linux / 4.15.0-1028-gcp	travis	db_12_2_ee	OraBench (Java 11.0.2)	JDBC (Version 19.3.0.0.0)	6	SELECT data FROM ora_bench_table WHERE key = :key	0	0	1024	512	1024	100000	256	query	2019-11-26 05:02:35.899681000	2019-11-26 05:02:53.641300000	18	17741659673
761c1d4f236e5a7af451abf101422742	Standard tests (Travis CI)	travis-job-906e52fc-3257-44ea-8caf-9e9c85c06426	2	amd64 / Linux / 4.15.0-1028-gcp	travis	db_12_2_ee	OraBench (Java 11.0.2)	JDBC (Version 19.3.0.0.0)	6		0	0	1024	512	1024	100000	256	trial	2019-11-26 05:02:32.542377000	2019-11-26 05:02:54.646622000	22	22104265647
761c1d4f236e5a7af451abf101422742	Standard tests (Travis CI)	travis-job-906e52fc-3257-44ea-8caf-9e9c85c06426	2	amd64 / Linux / 4.15.0-1028-gcp	travis	db_12_2_ee	OraBench (Java 11.0.2)	JDBC (Version 19.3.0.0.0)	7	INSERT INTO ora_bench_table (key, data) VALUES (:key, :data)	0	0	1024	512	1024	100000	256	query	2019-11-26 05:02:54.664651000	2019-11-26 05:02:59.018883000	4	4354229895
761c1d4f236e5a7af451abf101422742	Standard tests (Travis CI)	travis-job-906e52fc-3257-44ea-8caf-9e9c85c06426	2	amd64 / Linux / 4.15.0-1028-gcp	travis	db_12_2_ee	OraBench (Java 11.0.2)	JDBC (Version 19.3.0.0.0)	7	SELECT data FROM ora_bench_table WHERE key = :key	0	0	1024	512	1024	100000	256	query	2019-11-26 05:02:59.019271000	2019-11-26 05:03:17.678913000	19	18659654716
761c1d4f236e5a7af451abf101422742	Standard tests (Travis CI)	travis-job-906e52fc-3257-44ea-8caf-9e9c85c06426	2	amd64 / Linux / 4.15.0-1028-gcp	travis	db_12_2_ee	OraBench (Java 11.0.2)	JDBC (Version 19.3.0.0.0)	7		0	0	1024	512	1024	100000	256	trial	2019-11-26 05:02:54.647712000	2019-11-26 05:03:18.700893000	24	24053185465
761c1d4f236e5a7af451abf101422742	Standard tests (Travis CI)	travis-job-906e52fc-3257-44ea-8caf-9e9c85c06426	2	amd64 / Linux / 4.15.0-1028-gcp	travis	db_12_2_ee	OraBench (Java 11.0.2)	JDBC (Version 19.3.0.0.0)	8	INSERT INTO ora_bench_table (key, data) VALUES (:key, :data)	0	0	1024	512	1024	100000	256	query	2019-11-26 05:03:18.712056000	2019-11-26 05:03:23.121291000	4	4409234407
761c1d4f236e5a7af451abf101422742	Standard tests (Travis CI)	travis-job-906e52fc-3257-44ea-8caf-9e9c85c06426	2	amd64 / Linux / 4.15.0-1028-gcp	travis	db_12_2_ee	OraBench (Java 11.0.2)	JDBC (Version 19.3.0.0.0)	8	SELECT data FROM ora_bench_table WHERE key = :key	0	0	1024	512	1024	100000	256	query	2019-11-26 05:03:23.121567000	2019-11-26 05:03:40.649826000	18	17528276318
761c1d4f236e5a7af451abf101422742	Standard tests (Travis CI)	travis-job-906e52fc-3257-44ea-8caf-9e9c85c06426	2	amd64 / Linux / 4.15.0-1028-gcp	travis	db_12_2_ee	OraBench (Java 11.0.2)	JDBC (Version 19.3.0.0.0)	8		0	0	1024	512	1024	100000	256	trial	2019-11-26 05:03:18.701120000	2019-11-26 05:03:41.685832000	23	22984731528
761c1d4f236e5a7af451abf101422742	Standard tests (Travis CI)	travis-job-906e52fc-3257-44ea-8caf-9e9c85c06426	2	amd64 / Linux / 4.15.0-1028-gcp	travis	db_12_2_ee	OraBench (Java 11.0.2)	JDBC (Version 19.3.0.0.0)	9	INSERT INTO ora_bench_table (key, data) VALUES (:key, :data)	0	0	1024	512	1024	100000	256	query	2019-11-26 05:03:41.698158000	2019-11-26 05:03:45.161446000	3	3463282148
761c1d4f236e5a7af451abf101422742	Standard tests (Travis CI)	travis-job-906e52fc-3257-44ea-8caf-9e9c85c06426	2	amd64 / Linux / 4.15.0-1028-gcp	travis	db_12_2_ee	OraBench (Java 11.0.2)	JDBC (Version 19.3.0.0.0)	9	SELECT data FROM ora_bench_table WHERE key = :key	0	0	1024	512	1024	100000	256	query	2019-11-26 05:03:45.161648000	2019-11-26 05:04:03.174362000	18	18012744102
761c1d4f236e5a7af451abf101422742	Standard tests (Travis CI)	travis-job-906e52fc-3257-44ea-8caf-9e9c85c06426	2	amd64 / Linux / 4.15.0-1028-gcp	travis	db_12_2_ee	OraBench (Java 11.0.2)	JDBC (Version 19.3.0.0.0)	9		0	0	1024	512	1024	100000	256	trial	2019-11-26 05:03:41.686056000	2019-11-26 05:04:04.240870000	23	22554839417
761c1d4f236e5a7af451abf101422742	Standard tests (Travis CI)	travis-job-906e52fc-3257-44ea-8caf-9e9c85c06426	2	amd64 / Linux / 4.15.0-1028-gcp	travis	db_12_2_ee	OraBench (Java 11.0.2)	JDBC (Version 19.3.0.0.0)	10	INSERT INTO ora_bench_table (key, data) VALUES (:key, :data)	0	0	1024	512	1024	100000	256	query	2019-11-26 05:04:04.255531000	2019-11-26 05:04:07.675331000	3	3419799858
761c1d4f236e5a7af451abf101422742	Standard tests (Travis CI)	travis-job-906e52fc-3257-44ea-8caf-9e9c85c06426	2	amd64 / Linux / 4.15.0-1028-gcp	travis	db_12_2_ee	OraBench (Java 11.0.2)	JDBC (Version 19.3.0.0.0)	10	SELECT data FROM ora_bench_table WHERE key = :key	0	0	1024	512	1024	100000	256	query	2019-11-26 05:04:07.675649000	2019-11-26 05:04:25.260281000	18	17584692550
761c1d4f236e5a7af451abf101422742	Standard tests (Travis CI)	travis-job-906e52fc-3257-44ea-8caf-9e9c85c06426	2	amd64 / Linux / 4.15.0-1028-gcp	travis	db_12_2_ee	OraBench (Java 11.0.2)	JDBC (Version 19.3.0.0.0)	10		0	0	1024	512	1024	100000	256	trial	2019-11-26 05:04:04.241122000	2019-11-26 05:04:26.356286000	22	22115192073
761c1d4f236e5a7af451abf101422742	Standard tests (Travis CI)	travis-job-906e52fc-3257-44ea-8caf-9e9c85c06426	2	amd64 / Linux / 4.15.0-1028-gcp	travis	db_12_2_ee	OraBench (Java 11.0.2)	JDBC (Version 19.3.0.0.0)	0		0	0	1024	512	1024	100000	256	benchmark	2019-11-26 05:00:35.395111000	2019-11-26 05:04:26.359177000	231	230963664208
b36b6d1d63dbf2b6ddd302a0e0d4be30	Standard tests (Travis CI)	travis-job-ec4f09a0-d063-487e-8474-4e6080098ff0	2	amd64 / Linux / 4.15.0-1028-gcp	travis	db_18_3_ee	OraBench (Python 3.5.2)	cx_Oracle (Version v7.2.3)	1	INSERT INTO ora_bench_table (key, data) VALUES (:1, :2)	0	0	1024	512	1024	100000	256	query	2019-11-26 05:18:54.833543000	2019-11-26 05:18:58.950548000	4	411700500
b36b6d1d63dbf2b6ddd302a0e0d4be30	Standard tests (Travis CI)	travis-job-ec4f09a0-d063-487e-8474-4e6080098ff0	2	amd64 / Linux / 4.15.0-1028-gcp	travis	db_18_3_ee	OraBench (Python 3.5.2)	cx_Oracle (Version v7.2.3)	1	SELECT data FROM ora_bench_table WHERE key = :key	0	0	1024	512	1024	100000	256	query	2019-11-26 05:18:58.951529000	2019-11-26 05:19:18.157350000	19	1920582100
b36b6d1d63dbf2b6ddd302a0e0d4be30	Standard tests (Travis CI)	travis-job-ec4f09a0-d063-487e-8474-4e6080098ff0	2	amd64 / Linux / 4.15.0-1028-gcp	travis	db_18_3_ee	OraBench (Python 3.5.2)	cx_Oracle (Version v7.2.3)	1		0	0	1024	512	1024	100000	256	trial	2019-11-26 05:18:54.797921000	2019-11-26 05:19:19.079815000	24	2428189400
b36b6d1d63dbf2b6ddd302a0e0d4be30	Standard tests (Travis CI)	travis-job-ec4f09a0-d063-487e-8474-4e6080098ff0	2	amd64 / Linux / 4.15.0-1028-gcp	travis	db_18_3_ee	OraBench (Python 3.5.2)	cx_Oracle (Version v7.2.3)	2	INSERT INTO ora_bench_table (key, data) VALUES (:1, :2)	0	0	1024	512	1024	100000	256	query	2019-11-26 05:19:19.088649000	2019-11-26 05:19:21.794511000	3	270586200
b36b6d1d63dbf2b6ddd302a0e0d4be30	Standard tests (Travis CI)	travis-job-ec4f09a0-d063-487e-8474-4e6080098ff0	2	amd64 / Linux / 4.15.0-1028-gcp	travis	db_18_3_ee	OraBench (Python 3.5.2)	cx_Oracle (Version v7.2.3)	2	SELECT data FROM ora_bench_table WHERE key = :key	0	0	1024	512	1024	100000	256	query	2019-11-26 05:19:21.794661000	2019-11-26 05:19:41.124354000	19	1932969300
b36b6d1d63dbf2b6ddd302a0e0d4be30	Standard tests (Travis CI)	travis-job-ec4f09a0-d063-487e-8474-4e6080098ff0	2	amd64 / Linux / 4.15.0-1028-gcp	travis	db_18_3_ee	OraBench (Python 3.5.2)	cx_Oracle (Version v7.2.3)	2		0	0	1024	512	1024	100000	256	trial	2019-11-26 05:19:19.079947000	2019-11-26 05:19:41.869070000	23	2278912300
b36b6d1d63dbf2b6ddd302a0e0d4be30	Standard tests (Travis CI)	travis-job-ec4f09a0-d063-487e-8474-4e6080098ff0	2	amd64 / Linux / 4.15.0-1028-gcp	travis	db_18_3_ee	OraBench (Python 3.5.2)	cx_Oracle (Version v7.2.3)	3	INSERT INTO ora_bench_table (key, data) VALUES (:1, :2)	0	0	1024	512	1024	100000	256	query	2019-11-26 05:19:41.878431000	2019-11-26 05:19:45.038716000	3	316028500
b36b6d1d63dbf2b6ddd302a0e0d4be30	Standard tests (Travis CI)	travis-job-ec4f09a0-d063-487e-8474-4e6080098ff0	2	amd64 / Linux / 4.15.0-1028-gcp	travis	db_18_3_ee	OraBench (Python 3.5.2)	cx_Oracle (Version v7.2.3)	3	SELECT data FROM ora_bench_table WHERE key = :key	0	0	1024	512	1024	100000	256	query	2019-11-26 05:19:45.038846000	2019-11-26 05:20:04.141840000	19	1910299400
b36b6d1d63dbf2b6ddd302a0e0d4be30	Standard tests (Travis CI)	travis-job-ec4f09a0-d063-487e-8474-4e6080098ff0	2	amd64 / Linux / 4.15.0-1028-gcp	travis	db_18_3_ee	OraBench (Python 3.5.2)	cx_Oracle (Version v7.2.3)	3		0	0	1024	512	1024	100000	256	trial	2019-11-26 05:19:41.869170000	2019-11-26 05:20:04.880082000	23	2301091200
b36b6d1d63dbf2b6ddd302a0e0d4be30	Standard tests (Travis CI)	travis-job-ec4f09a0-d063-487e-8474-4e6080098ff0	2	amd64 / Linux / 4.15.0-1028-gcp	travis	db_18_3_ee	OraBench (Python 3.5.2)	cx_Oracle (Version v7.2.3)	4	INSERT INTO ora_bench_table (key, data) VALUES (:1, :2)	0	0	1024	512	1024	100000	256	query	2019-11-26 05:20:04.890386000	2019-11-26 05:20:09.445060000	5	455467400
b36b6d1d63dbf2b6ddd302a0e0d4be30	Standard tests (Travis CI)	travis-job-ec4f09a0-d063-487e-8474-4e6080098ff0	2	amd64 / Linux / 4.15.0-1028-gcp	travis	db_18_3_ee	OraBench (Python 3.5.2)	cx_Oracle (Version v7.2.3)	4	SELECT data FROM ora_bench_table WHERE key = :key	0	0	1024	512	1024	100000	256	query	2019-11-26 05:20:09.445194000	2019-11-26 05:20:29.165063000	20	1971986900
b36b6d1d63dbf2b6ddd302a0e0d4be30	Standard tests (Travis CI)	travis-job-ec4f09a0-d063-487e-8474-4e6080098ff0	2	amd64 / Linux / 4.15.0-1028-gcp	travis	db_18_3_ee	OraBench (Python 3.5.2)	cx_Oracle (Version v7.2.3)	4		0	0	1024	512	1024	100000	256	trial	2019-11-26 05:20:04.880197000	2019-11-26 05:20:29.872085000	25	2499188800
b36b6d1d63dbf2b6ddd302a0e0d4be30	Standard tests (Travis CI)	travis-job-ec4f09a0-d063-487e-8474-4e6080098ff0	2	amd64 / Linux / 4.15.0-1028-gcp	travis	db_18_3_ee	OraBench (Python 3.5.2)	cx_Oracle (Version v7.2.3)	5	INSERT INTO ora_bench_table (key, data) VALUES (:1, :2)	0	0	1024	512	1024	100000	256	query	2019-11-26 05:20:29.881089000	2019-11-26 05:20:32.580094000	3	269900500
b36b6d1d63dbf2b6ddd302a0e0d4be30	Standard tests (Travis CI)	travis-job-ec4f09a0-d063-487e-8474-4e6080098ff0	2	amd64 / Linux / 4.15.0-1028-gcp	travis	db_18_3_ee	OraBench (Python 3.5.2)	cx_Oracle (Version v7.2.3)	5	SELECT data FROM ora_bench_table WHERE key = :key	0	0	1024	512	1024	100000	256	query	2019-11-26 05:20:32.580236000	2019-11-26 05:20:52.308188000	20	1972795200
b36b6d1d63dbf2b6ddd302a0e0d4be30	Standard tests (Travis CI)	travis-job-ec4f09a0-d063-487e-8474-4e6080098ff0	2	amd64 / Linux / 4.15.0-1028-gcp	travis	db_18_3_ee	OraBench (Python 3.5.2)	cx_Oracle (Version v7.2.3)	5		0	0	1024	512	1024	100000	256	trial	2019-11-26 05:20:29.872183000	2019-11-26 05:20:53.042429000	23	2317024600
b36b6d1d63dbf2b6ddd302a0e0d4be30	Standard tests (Travis CI)	travis-job-ec4f09a0-d063-487e-8474-4e6080098ff0	2	amd64 / Linux / 4.15.0-1028-gcp	travis	db_18_3_ee	OraBench (Python 3.5.2)	cx_Oracle (Version v7.2.3)	6	INSERT INTO ora_bench_table (key, data) VALUES (:1, :2)	0	0	1024	512	1024	100000	256	query	2019-11-26 05:20:53.054026000	2019-11-26 05:20:55.885036000	3	283101000
b36b6d1d63dbf2b6ddd302a0e0d4be30	Standard tests (Travis CI)	travis-job-ec4f09a0-d063-487e-8474-4e6080098ff0	2	amd64 / Linux / 4.15.0-1028-gcp	travis	db_18_3_ee	OraBench (Python 3.5.2)	cx_Oracle (Version v7.2.3)	6	SELECT data FROM ora_bench_table WHERE key = :key	0	0	1024	512	1024	100000	256	query	2019-11-26 05:20:55.885178000	2019-11-26 05:21:15.670045000	20	1978486700
b36b6d1d63dbf2b6ddd302a0e0d4be30	Standard tests (Travis CI)	travis-job-ec4f09a0-d063-487e-8474-4e6080098ff0	2	amd64 / Linux / 4.15.0-1028-gcp	travis	db_18_3_ee	OraBench (Python 3.5.2)	cx_Oracle (Version v7.2.3)	6		0	0	1024	512	1024	100000	256	trial	2019-11-26 05:20:53.042546000	2019-11-26 05:21:16.399902000	23	2335735600
b36b6d1d63dbf2b6ddd302a0e0d4be30	Standard tests (Travis CI)	travis-job-ec4f09a0-d063-487e-8474-4e6080098ff0	2	amd64 / Linux / 4.15.0-1028-gcp	travis	db_18_3_ee	OraBench (Python 3.5.2)	cx_Oracle (Version v7.2.3)	7	INSERT INTO ora_bench_table (key, data) VALUES (:1, :2)	0	0	1024	512	1024	100000	256	query	2019-11-26 05:21:16.410259000	2019-11-26 05:21:19.166074000	3	275581500
b36b6d1d63dbf2b6ddd302a0e0d4be30	Standard tests (Travis CI)	travis-job-ec4f09a0-d063-487e-8474-4e6080098ff0	2	amd64 / Linux / 4.15.0-1028-gcp	travis	db_18_3_ee	OraBench (Python 3.5.2)	cx_Oracle (Version v7.2.3)	7	SELECT data FROM ora_bench_table WHERE key = :key	0	0	1024	512	1024	100000	256	query	2019-11-26 05:21:19.166208000	2019-11-26 05:21:39.021937000	20	1985572900
b36b6d1d63dbf2b6ddd302a0e0d4be30	Standard tests (Travis CI)	travis-job-ec4f09a0-d063-487e-8474-4e6080098ff0	2	amd64 / Linux / 4.15.0-1028-gcp	travis	db_18_3_ee	OraBench (Python 3.5.2)	cx_Oracle (Version v7.2.3)	7		0	0	1024	512	1024	100000	256	trial	2019-11-26 05:21:16.400016000	2019-11-26 05:21:39.858860000	23	2345884400
b36b6d1d63dbf2b6ddd302a0e0d4be30	Standard tests (Travis CI)	travis-job-ec4f09a0-d063-487e-8474-4e6080098ff0	2	amd64 / Linux / 4.15.0-1028-gcp	travis	db_18_3_ee	OraBench (Python 3.5.2)	cx_Oracle (Version v7.2.3)	8	INSERT INTO ora_bench_table (key, data) VALUES (:1, :2)	0	0	1024	512	1024	100000	256	query	2019-11-26 05:21:39.869076000	2019-11-26 05:21:42.730120000	3	286104400
b36b6d1d63dbf2b6ddd302a0e0d4be30	Standard tests (Travis CI)	travis-job-ec4f09a0-d063-487e-8474-4e6080098ff0	2	amd64 / Linux / 4.15.0-1028-gcp	travis	db_18_3_ee	OraBench (Python 3.5.2)	cx_Oracle (Version v7.2.3)	8	SELECT data FROM ora_bench_table WHERE key = :key	0	0	1024	512	1024	100000	256	query	2019-11-26 05:21:42.730262000	2019-11-26 05:22:03.305423000	21	2057516100
b36b6d1d63dbf2b6ddd302a0e0d4be30	Standard tests (Travis CI)	travis-job-ec4f09a0-d063-487e-8474-4e6080098ff0	2	amd64 / Linux / 4.15.0-1028-gcp	travis	db_18_3_ee	OraBench (Python 3.5.2)	cx_Oracle (Version v7.2.3)	8		0	0	1024	512	1024	100000	256	trial	2019-11-26 05:21:39.858990000	2019-11-26 05:22:04.288411000	24	2442942100
b36b6d1d63dbf2b6ddd302a0e0d4be30	Standard tests (Travis CI)	travis-job-ec4f09a0-d063-487e-8474-4e6080098ff0	2	amd64 / Linux / 4.15.0-1028-gcp	travis	db_18_3_ee	OraBench (Python 3.5.2)	cx_Oracle (Version v7.2.3)	9	INSERT INTO ora_bench_table (key, data) VALUES (:1, :2)	0	0	1024	512	1024	100000	256	query	2019-11-26 05:22:04.298707000	2019-11-26 05:22:07.449984000	3	315127700
b36b6d1d63dbf2b6ddd302a0e0d4be30	Standard tests (Travis CI)	travis-job-ec4f09a0-d063-487e-8474-4e6080098ff0	2	amd64 / Linux / 4.15.0-1028-gcp	travis	db_18_3_ee	OraBench (Python 3.5.2)	cx_Oracle (Version v7.2.3)	9	SELECT data FROM ora_bench_table WHERE key = :key	0	0	1024	512	1024	100000	256	query	2019-11-26 05:22:07.450117000	2019-11-26 05:22:27.996199000	21	2054608200
b36b6d1d63dbf2b6ddd302a0e0d4be30	Standard tests (Travis CI)	travis-job-ec4f09a0-d063-487e-8474-4e6080098ff0	2	amd64 / Linux / 4.15.0-1028-gcp	travis	db_18_3_ee	OraBench (Python 3.5.2)	cx_Oracle (Version v7.2.3)	9		0	0	1024	512	1024	100000	256	trial	2019-11-26 05:22:04.288517000	2019-11-26 05:22:28.839079000	25	2455056200
b36b6d1d63dbf2b6ddd302a0e0d4be30	Standard tests (Travis CI)	travis-job-ec4f09a0-d063-487e-8474-4e6080098ff0	2	amd64 / Linux / 4.15.0-1028-gcp	travis	db_18_3_ee	OraBench (Python 3.5.2)	cx_Oracle (Version v7.2.3)	10	INSERT INTO ora_bench_table (key, data) VALUES (:1, :2)	0	0	1024	512	1024	100000	256	query	2019-11-26 05:22:28.848509000	2019-11-26 05:22:31.894013000	3	304550400
b36b6d1d63dbf2b6ddd302a0e0d4be30	Standard tests (Travis CI)	travis-job-ec4f09a0-d063-487e-8474-4e6080098ff0	2	amd64 / Linux / 4.15.0-1028-gcp	travis	db_18_3_ee	OraBench (Python 3.5.2)	cx_Oracle (Version v7.2.3)	10	SELECT data FROM ora_bench_table WHERE key = :key	0	0	1024	512	1024	100000	256	query	2019-11-26 05:22:31.894147000	2019-11-26 05:22:52.006362000	20	2011221500
b36b6d1d63dbf2b6ddd302a0e0d4be30	Standard tests (Travis CI)	travis-job-ec4f09a0-d063-487e-8474-4e6080098ff0	2	amd64 / Linux / 4.15.0-1028-gcp	travis	db_18_3_ee	OraBench (Python 3.5.2)	cx_Oracle (Version v7.2.3)	10		0	0	1024	512	1024	100000	256	trial	2019-11-26 05:22:28.839182000	2019-11-26 05:22:52.797413000	24	2395823100
b36b6d1d63dbf2b6ddd302a0e0d4be30	Standard tests (Travis CI)	travis-job-ec4f09a0-d063-487e-8474-4e6080098ff0	2	amd64 / Linux / 4.15.0-1028-gcp	travis	db_18_3_ee	OraBench (Python 3.5.2)	cx_Oracle (Version v7.2.3)	0		0	0	1024	512	1024	100000	256	benchmark	2019-11-26 05:18:53.371594000	2019-11-26 05:22:52.800808000	239	23942921400
b36b6d1d63dbf2b6ddd302a0e0d4be30	Standard tests (Travis CI)	travis-job-ec4f09a0-d063-487e-8474-4e6080098ff0	2	amd64 / Linux / 4.15.0-1028-gcp	travis	db_18_3_ee	OraBench (Java 11.0.2)	JDBC (Version 19.3.0.0.0)	1	INSERT INTO ora_bench_table (key, data) VALUES (:key, :data)	0	0	1024	512	1024	100000	256	query	2019-11-26 05:22:57.961584000	2019-11-26 05:23:02.317750000	4	4356160324
b36b6d1d63dbf2b6ddd302a0e0d4be30	Standard tests (Travis CI)	travis-job-ec4f09a0-d063-487e-8474-4e6080098ff0	2	amd64 / Linux / 4.15.0-1028-gcp	travis	db_18_3_ee	OraBench (Java 11.0.2)	JDBC (Version 19.3.0.0.0)	1	SELECT data FROM ora_bench_table WHERE key = :key	0	0	1024	512	1024	100000	256	query	2019-11-26 05:23:02.321873000	2019-11-26 05:23:19.344681000	17	17022817551
b36b6d1d63dbf2b6ddd302a0e0d4be30	Standard tests (Travis CI)	travis-job-ec4f09a0-d063-487e-8474-4e6080098ff0	2	amd64 / Linux / 4.15.0-1028-gcp	travis	db_18_3_ee	OraBench (Java 11.0.2)	JDBC (Version 19.3.0.0.0)	1		0	0	1024	512	1024	100000	256	trial	2019-11-26 05:22:57.729650000	2019-11-26 05:23:20.165596000	22	22435943112
b36b6d1d63dbf2b6ddd302a0e0d4be30	Standard tests (Travis CI)	travis-job-ec4f09a0-d063-487e-8474-4e6080098ff0	2	amd64 / Linux / 4.15.0-1028-gcp	travis	db_18_3_ee	OraBench (Java 11.0.2)	JDBC (Version 19.3.0.0.0)	2	INSERT INTO ora_bench_table (key, data) VALUES (:key, :data)	0	0	1024	512	1024	100000	256	query	2019-11-26 05:23:20.175802000	2019-11-26 05:23:23.524138000	3	3348336932
b36b6d1d63dbf2b6ddd302a0e0d4be30	Standard tests (Travis CI)	travis-job-ec4f09a0-d063-487e-8474-4e6080098ff0	2	amd64 / Linux / 4.15.0-1028-gcp	travis	db_18_3_ee	OraBench (Java 11.0.2)	JDBC (Version 19.3.0.0.0)	2	SELECT data FROM ora_bench_table WHERE key = :key	0	0	1024	512	1024	100000	256	query	2019-11-26 05:23:23.524484000	2019-11-26 05:23:40.079007000	17	16554550732
b36b6d1d63dbf2b6ddd302a0e0d4be30	Standard tests (Travis CI)	travis-job-ec4f09a0-d063-487e-8474-4e6080098ff0	2	amd64 / Linux / 4.15.0-1028-gcp	travis	db_18_3_ee	OraBench (Java 11.0.2)	JDBC (Version 19.3.0.0.0)	2		0	0	1024	512	1024	100000	256	trial	2019-11-26 05:23:20.165946000	2019-11-26 05:23:40.846175000	21	20680244009
b36b6d1d63dbf2b6ddd302a0e0d4be30	Standard tests (Travis CI)	travis-job-ec4f09a0-d063-487e-8474-4e6080098ff0	2	amd64 / Linux / 4.15.0-1028-gcp	travis	db_18_3_ee	OraBench (Java 11.0.2)	JDBC (Version 19.3.0.0.0)	3	INSERT INTO ora_bench_table (key, data) VALUES (:key, :data)	0	0	1024	512	1024	100000	256	query	2019-11-26 05:23:40.858032000	2019-11-26 05:23:44.642280000	4	3784249449
b36b6d1d63dbf2b6ddd302a0e0d4be30	Standard tests (Travis CI)	travis-job-ec4f09a0-d063-487e-8474-4e6080098ff0	2	amd64 / Linux / 4.15.0-1028-gcp	travis	db_18_3_ee	OraBench (Java 11.0.2)	JDBC (Version 19.3.0.0.0)	3	SELECT data FROM ora_bench_table WHERE key = :key	0	0	1024	512	1024	100000	256	query	2019-11-26 05:23:44.644523000	2019-11-26 05:24:01.390633000	17	16746117840
b36b6d1d63dbf2b6ddd302a0e0d4be30	Standard tests (Travis CI)	travis-job-ec4f09a0-d063-487e-8474-4e6080098ff0	2	amd64 / Linux / 4.15.0-1028-gcp	travis	db_18_3_ee	OraBench (Java 11.0.2)	JDBC (Version 19.3.0.0.0)	3		0	0	1024	512	1024	100000	256	trial	2019-11-26 05:23:40.846533000	2019-11-26 05:24:02.229066000	21	21382548758
b36b6d1d63dbf2b6ddd302a0e0d4be30	Standard tests (Travis CI)	travis-job-ec4f09a0-d063-487e-8474-4e6080098ff0	2	amd64 / Linux / 4.15.0-1028-gcp	travis	db_18_3_ee	OraBench (Java 11.0.2)	JDBC (Version 19.3.0.0.0)	4	INSERT INTO ora_bench_table (key, data) VALUES (:key, :data)	0	0	1024	512	1024	100000	256	query	2019-11-26 05:24:02.239421000	2019-11-26 05:24:05.076205000	3	2836580429
b36b6d1d63dbf2b6ddd302a0e0d4be30	Standard tests (Travis CI)	travis-job-ec4f09a0-d063-487e-8474-4e6080098ff0	2	amd64 / Linux / 4.15.0-1028-gcp	travis	db_18_3_ee	OraBench (Java 11.0.2)	JDBC (Version 19.3.0.0.0)	4	SELECT data FROM ora_bench_table WHERE key = :key	0	0	1024	512	1024	100000	256	query	2019-11-26 05:24:05.076541000	2019-11-26 05:24:21.370528000	16	16294002012
b36b6d1d63dbf2b6ddd302a0e0d4be30	Standard tests (Travis CI)	travis-job-ec4f09a0-d063-487e-8474-4e6080098ff0	2	amd64 / Linux / 4.15.0-1028-gcp	travis	db_18_3_ee	OraBench (Java 11.0.2)	JDBC (Version 19.3.0.0.0)	4		0	0	1024	512	1024	100000	256	trial	2019-11-26 05:24:02.229839000	2019-11-26 05:24:22.147856000	20	19918029587
b36b6d1d63dbf2b6ddd302a0e0d4be30	Standard tests (Travis CI)	travis-job-ec4f09a0-d063-487e-8474-4e6080098ff0	2	amd64 / Linux / 4.15.0-1028-gcp	travis	db_18_3_ee	OraBench (Java 11.0.2)	JDBC (Version 19.3.0.0.0)	5	INSERT INTO ora_bench_table (key, data) VALUES (:key, :data)	0	0	1024	512	1024	100000	256	query	2019-11-26 05:24:22.158978000	2019-11-26 05:24:24.886413000	3	2727437557
b36b6d1d63dbf2b6ddd302a0e0d4be30	Standard tests (Travis CI)	travis-job-ec4f09a0-d063-487e-8474-4e6080098ff0	2	amd64 / Linux / 4.15.0-1028-gcp	travis	db_18_3_ee	OraBench (Java 11.0.2)	JDBC (Version 19.3.0.0.0)	5	SELECT data FROM ora_bench_table WHERE key = :key	0	0	1024	512	1024	100000	256	query	2019-11-26 05:24:24.886682000	2019-11-26 05:24:41.154038000	16	16267378350
b36b6d1d63dbf2b6ddd302a0e0d4be30	Standard tests (Travis CI)	travis-job-ec4f09a0-d063-487e-8474-4e6080098ff0	2	amd64 / Linux / 4.15.0-1028-gcp	travis	db_18_3_ee	OraBench (Java 11.0.2)	JDBC (Version 19.3.0.0.0)	5		0	0	1024	512	1024	100000	256	trial	2019-11-26 05:24:22.149087000	2019-11-26 05:24:41.935545000	20	19786460061
b36b6d1d63dbf2b6ddd302a0e0d4be30	Standard tests (Travis CI)	travis-job-ec4f09a0-d063-487e-8474-4e6080098ff0	2	amd64 / Linux / 4.15.0-1028-gcp	travis	db_18_3_ee	OraBench (Java 11.0.2)	JDBC (Version 19.3.0.0.0)	6	INSERT INTO ora_bench_table (key, data) VALUES (:key, :data)	0	0	1024	512	1024	100000	256	query	2019-11-26 05:24:41.945766000	2019-11-26 05:24:44.795320000	3	2849563852
b36b6d1d63dbf2b6ddd302a0e0d4be30	Standard tests (Travis CI)	travis-job-ec4f09a0-d063-487e-8474-4e6080098ff0	2	amd64 / Linux / 4.15.0-1028-gcp	travis	db_18_3_ee	OraBench (Java 11.0.2)	JDBC (Version 19.3.0.0.0)	6	SELECT data FROM ora_bench_table WHERE key = :key	0	0	1024	512	1024	100000	256	query	2019-11-26 05:24:44.795550000	2019-11-26 05:25:01.275243000	16	16479725892
b36b6d1d63dbf2b6ddd302a0e0d4be30	Standard tests (Travis CI)	travis-job-ec4f09a0-d063-487e-8474-4e6080098ff0	2	amd64 / Linux / 4.15.0-1028-gcp	travis	db_18_3_ee	OraBench (Java 11.0.2)	JDBC (Version 19.3.0.0.0)	6		0	0	1024	512	1024	100000	256	trial	2019-11-26 05:24:41.935790000	2019-11-26 05:25:02.090010000	20	20154236373
b36b6d1d63dbf2b6ddd302a0e0d4be30	Standard tests (Travis CI)	travis-job-ec4f09a0-d063-487e-8474-4e6080098ff0	2	amd64 / Linux / 4.15.0-1028-gcp	travis	db_18_3_ee	OraBench (Java 11.0.2)	JDBC (Version 19.3.0.0.0)	7	INSERT INTO ora_bench_table (key, data) VALUES (:key, :data)	0	0	1024	512	1024	100000	256	query	2019-11-26 05:25:02.105001000	2019-11-26 05:25:04.816940000	3	2711948608
b36b6d1d63dbf2b6ddd302a0e0d4be30	Standard tests (Travis CI)	travis-job-ec4f09a0-d063-487e-8474-4e6080098ff0	2	amd64 / Linux / 4.15.0-1028-gcp	travis	db_18_3_ee	OraBench (Java 11.0.2)	JDBC (Version 19.3.0.0.0)	7	SELECT data FROM ora_bench_table WHERE key = :key	0	0	1024	512	1024	100000	256	query	2019-11-26 05:25:04.817250000	2019-11-26 05:25:20.814648000	16	15997415005
b36b6d1d63dbf2b6ddd302a0e0d4be30	Standard tests (Travis CI)	travis-job-ec4f09a0-d063-487e-8474-4e6080098ff0	2	amd64 / Linux / 4.15.0-1028-gcp	travis	db_18_3_ee	OraBench (Java 11.0.2)	JDBC (Version 19.3.0.0.0)	7		0	0	1024	512	1024	100000	256	trial	2019-11-26 05:25:02.090380000	2019-11-26 05:25:21.617146000	20	19526780502
b36b6d1d63dbf2b6ddd302a0e0d4be30	Standard tests (Travis CI)	travis-job-ec4f09a0-d063-487e-8474-4e6080098ff0	2	amd64 / Linux / 4.15.0-1028-gcp	travis	db_18_3_ee	OraBench (Java 11.0.2)	JDBC (Version 19.3.0.0.0)	8	INSERT INTO ora_bench_table (key, data) VALUES (:key, :data)	0	0	1024	512	1024	100000	256	query	2019-11-26 05:25:21.627062000	2019-11-26 05:25:24.420342000	3	2793286282
b36b6d1d63dbf2b6ddd302a0e0d4be30	Standard tests (Travis CI)	travis-job-ec4f09a0-d063-487e-8474-4e6080098ff0	2	amd64 / Linux / 4.15.0-1028-gcp	travis	db_18_3_ee	OraBench (Java 11.0.2)	JDBC (Version 19.3.0.0.0)	8	SELECT data FROM ora_bench_table WHERE key = :key	0	0	1024	512	1024	100000	256	query	2019-11-26 05:25:24.420583000	2019-11-26 05:25:40.703458000	16	16282895240
b36b6d1d63dbf2b6ddd302a0e0d4be30	Standard tests (Travis CI)	travis-job-ec4f09a0-d063-487e-8474-4e6080098ff0	2	amd64 / Linux / 4.15.0-1028-gcp	travis	db_18_3_ee	OraBench (Java 11.0.2)	JDBC (Version 19.3.0.0.0)	8		0	0	1024	512	1024	100000	256	trial	2019-11-26 05:25:21.617306000	2019-11-26 05:25:41.518807000	20	19901525518
b36b6d1d63dbf2b6ddd302a0e0d4be30	Standard tests (Travis CI)	travis-job-ec4f09a0-d063-487e-8474-4e6080098ff0	2	amd64 / Linux / 4.15.0-1028-gcp	travis	db_18_3_ee	OraBench (Java 11.0.2)	JDBC (Version 19.3.0.0.0)	9	INSERT INTO ora_bench_table (key, data) VALUES (:key, :data)	0	0	1024	512	1024	100000	256	query	2019-11-26 05:25:41.528612000	2019-11-26 05:25:44.418453000	3	2889849800
b36b6d1d63dbf2b6ddd302a0e0d4be30	Standard tests (Travis CI)	travis-job-ec4f09a0-d063-487e-8474-4e6080098ff0	2	amd64 / Linux / 4.15.0-1028-gcp	travis	db_18_3_ee	OraBench (Java 11.0.2)	JDBC (Version 19.3.0.0.0)	9	SELECT data FROM ora_bench_table WHERE key = :key	0	0	1024	512	1024	100000	256	query	2019-11-26 05:25:44.418634000	2019-11-26 05:26:00.778057000	16	16359450069
b36b6d1d63dbf2b6ddd302a0e0d4be30	Standard tests (Travis CI)	travis-job-ec4f09a0-d063-487e-8474-4e6080098ff0	2	amd64 / Linux / 4.15.0-1028-gcp	travis	db_18_3_ee	OraBench (Java 11.0.2)	JDBC (Version 19.3.0.0.0)	9		0	0	1024	512	1024	100000	256	trial	2019-11-26 05:25:41.519039000	2019-11-26 05:26:01.559426000	20	20040405444
b36b6d1d63dbf2b6ddd302a0e0d4be30	Standard tests (Travis CI)	travis-job-ec4f09a0-d063-487e-8474-4e6080098ff0	2	amd64 / Linux / 4.15.0-1028-gcp	travis	db_18_3_ee	OraBench (Java 11.0.2)	JDBC (Version 19.3.0.0.0)	10	INSERT INTO ora_bench_table (key, data) VALUES (:key, :data)	0	0	1024	512	1024	100000	256	query	2019-11-26 05:26:01.576349000	2019-11-26 05:26:04.435915000	3	2859536507
b36b6d1d63dbf2b6ddd302a0e0d4be30	Standard tests (Travis CI)	travis-job-ec4f09a0-d063-487e-8474-4e6080098ff0	2	amd64 / Linux / 4.15.0-1028-gcp	travis	db_18_3_ee	OraBench (Java 11.0.2)	JDBC (Version 19.3.0.0.0)	10	SELECT data FROM ora_bench_table WHERE key = :key	0	0	1024	512	1024	100000	256	query	2019-11-26 05:26:04.436896000	2019-11-26 05:26:20.990029000	17	16553124120
b36b6d1d63dbf2b6ddd302a0e0d4be30	Standard tests (Travis CI)	travis-job-ec4f09a0-d063-487e-8474-4e6080098ff0	2	amd64 / Linux / 4.15.0-1028-gcp	travis	db_18_3_ee	OraBench (Java 11.0.2)	JDBC (Version 19.3.0.0.0)	10		0	0	1024	512	1024	100000	256	trial	2019-11-26 05:26:01.562675000	2019-11-26 05:26:21.831628000	20	20268960422
b36b6d1d63dbf2b6ddd302a0e0d4be30	Standard tests (Travis CI)	travis-job-ec4f09a0-d063-487e-8474-4e6080098ff0	2	amd64 / Linux / 4.15.0-1028-gcp	travis	db_18_3_ee	OraBench (Java 11.0.2)	JDBC (Version 19.3.0.0.0)	0		0	0	1024	512	1024	100000	256	benchmark	2019-11-26 05:22:53.346372000	2019-11-26 05:26:21.833719000	208	208487117464
