benchmark comment	environment	database	module	driver	trial no.	SQL statement	transaction size	bulk length	bulk size	batch size	action	start day time	end day time	duration (sec)	duration (ns)
Standard tests (locally)	amd64 / Windows 10 / 10.0	db_11_2_xe	OraBench (Java 11.0.5)	JDBC (Version 19.3.0.0.0)	1	INSERT INTO ora_bench_table (key, data) VALUES (:key, :data)	512	1024	100000	256	query	2019.11.17 19:05:21.148306500	2019.11.17 19:06:25.925368800	65	64777445100
Standard tests (locally)	amd64 / Windows 10 / 10.0	db_11_2_xe	OraBench (Java 11.0.5)	JDBC (Version 19.3.0.0.0)	1	SELECT data FROM ora_bench_table WHERE key = :key	512	1024	100000	256	query	2019.11.17 19:06:25.942367800	2019.11.17 19:07:08.183396700	42	42240674100
Standard tests (locally)	amd64 / Windows 10 / 10.0	db_11_2_xe	OraBench (Java 11.0.5)	JDBC (Version 19.3.0.0.0)	1		512	1024	100000	256	trial	2019.11.17 19:05:20.406307400	2019.11.17 19:07:12.889398600	112	112483672400
Standard tests (locally)	amd64 / Windows 10 / 10.0	db_11_2_xe	OraBench (Java 11.0.5)	JDBC (Version 19.3.0.0.0)	2	INSERT INTO ora_bench_table (key, data) VALUES (:key, :data)	512	1024	100000	256	query	2019.11.17 19:07:12.980395600	2019.11.17 19:07:54.318978900	41	41338323600
Standard tests (locally)	amd64 / Windows 10 / 10.0	db_11_2_xe	OraBench (Java 11.0.5)	JDBC (Version 19.3.0.0.0)	2	SELECT data FROM ora_bench_table WHERE key = :key	512	1024	100000	256	query	2019.11.17 19:07:54.318978900	2019.11.17 19:08:36.161110600	42	41842052500
Standard tests (locally)	amd64 / Windows 10 / 10.0	db_11_2_xe	OraBench (Java 11.0.5)	JDBC (Version 19.3.0.0.0)	2		512	1024	100000	256	trial	2019.11.17 19:07:12.889398600	2019.11.17 19:08:41.216188200	88	88325989500
Standard tests (locally)	amd64 / Windows 10 / 10.0	db_11_2_xe	OraBench (Java 11.0.5)	JDBC (Version 19.3.0.0.0)	3	INSERT INTO ora_bench_table (key, data) VALUES (:key, :data)	512	1024	100000	256	query	2019.11.17 19:08:41.307188600	2019.11.17 19:09:13.362809700	32	32056099100
Standard tests (locally)	amd64 / Windows 10 / 10.0	db_11_2_xe	OraBench (Java 11.0.5)	JDBC (Version 19.3.0.0.0)	3	SELECT data FROM ora_bench_table WHERE key = :key	512	1024	100000	256	query	2019.11.17 19:09:13.362809700	2019.11.17 19:09:55.887888400	43	42524338800
Standard tests (locally)	amd64 / Windows 10 / 10.0	db_11_2_xe	OraBench (Java 11.0.5)	JDBC (Version 19.3.0.0.0)	3		512	1024	100000	256	trial	2019.11.17 19:08:41.216188200	2019.11.17 19:10:00.967890000	80	79751732700
Standard tests (locally)	amd64 / Windows 10 / 10.0	db_11_2_xe	OraBench (Java 11.0.5)	JDBC (Version 19.3.0.0.0)	4	INSERT INTO ora_bench_table (key, data) VALUES (:key, :data)	512	1024	100000	256	query	2019.11.17 19:10:01.050894700	2019.11.17 19:10:32.081422300	31	31030869500
Standard tests (locally)	amd64 / Windows 10 / 10.0	db_11_2_xe	OraBench (Java 11.0.5)	JDBC (Version 19.3.0.0.0)	4	SELECT data FROM ora_bench_table WHERE key = :key	512	1024	100000	256	query	2019.11.17 19:10:32.082425000	2019.11.17 19:11:14.980666800	43	42898545700
Standard tests (locally)	amd64 / Windows 10 / 10.0	db_11_2_xe	OraBench (Java 11.0.5)	JDBC (Version 19.3.0.0.0)	4		512	1024	100000	256	trial	2019.11.17 19:10:00.967890000	2019.11.17 19:11:20.028667500	79	79060372100
Standard tests (locally)	amd64 / Windows 10 / 10.0	db_11_2_xe	OraBench (Java 11.0.5)	JDBC (Version 19.3.0.0.0)	5	INSERT INTO ora_bench_table (key, data) VALUES (:key, :data)	512	1024	100000	256	query	2019.11.17 19:11:20.110667300	2019.11.17 19:11:54.425343500	34	34314015300
Standard tests (locally)	amd64 / Windows 10 / 10.0	db_11_2_xe	OraBench (Java 11.0.5)	JDBC (Version 19.3.0.0.0)	5	SELECT data FROM ora_bench_table WHERE key = :key	512	1024	100000	256	query	2019.11.17 19:11:54.425343500	2019.11.17 19:12:36.729683500	42	42304566500
Standard tests (locally)	amd64 / Windows 10 / 10.0	db_11_2_xe	OraBench (Java 11.0.5)	JDBC (Version 19.3.0.0.0)	5		512	1024	100000	256	trial	2019.11.17 19:11:20.028667500	2019.11.17 19:12:41.880205700	82	81851647700
Standard tests (locally)	amd64 / Windows 10 / 10.0	db_11_2_xe	OraBench (Java 11.0.5)	JDBC (Version 19.3.0.0.0)	6	INSERT INTO ora_bench_table (key, data) VALUES (:key, :data)	512	1024	100000	256	query	2019.11.17 19:12:41.963204300	2019.11.17 19:13:18.402182800	36	36438638500
Standard tests (locally)	amd64 / Windows 10 / 10.0	db_11_2_xe	OraBench (Java 11.0.5)	JDBC (Version 19.3.0.0.0)	6	SELECT data FROM ora_bench_table WHERE key = :key	512	1024	100000	256	query	2019.11.17 19:13:18.402182800	2019.11.17 19:14:01.526894700	43	43124807800
Standard tests (locally)	amd64 / Windows 10 / 10.0	db_11_2_xe	OraBench (Java 11.0.5)	JDBC (Version 19.3.0.0.0)	6		512	1024	100000	256	trial	2019.11.17 19:12:41.880205700	2019.11.17 19:14:06.573897000	85	84693777700
Standard tests (locally)	amd64 / Windows 10 / 10.0	db_11_2_xe	OraBench (Java 11.0.5)	JDBC (Version 19.3.0.0.0)	7	INSERT INTO ora_bench_table (key, data) VALUES (:key, :data)	512	1024	100000	256	query	2019.11.17 19:14:06.664897000	2019.11.17 19:14:45.679349500	39	39013928200
Standard tests (locally)	amd64 / Windows 10 / 10.0	db_11_2_xe	OraBench (Java 11.0.5)	JDBC (Version 19.3.0.0.0)	7	SELECT data FROM ora_bench_table WHERE key = :key	512	1024	100000	256	query	2019.11.17 19:14:45.679349500	2019.11.17 19:15:28.856754300	43	43177242300
Standard tests (locally)	amd64 / Windows 10 / 10.0	db_11_2_xe	OraBench (Java 11.0.5)	JDBC (Version 19.3.0.0.0)	7		512	1024	100000	256	trial	2019.11.17 19:14:06.573897000	2019.11.17 19:15:34.058755500	87	87484722400
Standard tests (locally)	amd64 / Windows 10 / 10.0	db_11_2_xe	OraBench (Java 11.0.5)	JDBC (Version 19.3.0.0.0)	8	INSERT INTO ora_bench_table (key, data) VALUES (:key, :data)	512	1024	100000	256	query	2019.11.17 19:15:34.249755600	2019.11.17 19:16:05.880829500	32	31631037900
Standard tests (locally)	amd64 / Windows 10 / 10.0	db_11_2_xe	OraBench (Java 11.0.5)	JDBC (Version 19.3.0.0.0)	8	SELECT data FROM ora_bench_table WHERE key = :key	512	1024	100000	256	query	2019.11.17 19:16:05.880829500	2019.11.17 19:16:47.807998000	42	41926538600
Standard tests (locally)	amd64 / Windows 10 / 10.0	db_11_2_xe	OraBench (Java 11.0.5)	JDBC (Version 19.3.0.0.0)	8		512	1024	100000	256	trial	2019.11.17 19:15:34.058755500	2019.11.17 19:16:53.035996900	79	78977112200
Standard tests (locally)	amd64 / Windows 10 / 10.0	db_11_2_xe	OraBench (Java 11.0.5)	JDBC (Version 19.3.0.0.0)	9	INSERT INTO ora_bench_table (key, data) VALUES (:key, :data)	512	1024	100000	256	query	2019.11.17 19:16:53.276998300	2019.11.17 19:17:30.540547900	37	37263738900
Standard tests (locally)	amd64 / Windows 10 / 10.0	db_11_2_xe	OraBench (Java 11.0.5)	JDBC (Version 19.3.0.0.0)	9	SELECT data FROM ora_bench_table WHERE key = :key	512	1024	100000	256	query	2019.11.17 19:17:30.541548800	2019.11.17 19:18:13.971668300	43	43430942200
Standard tests (locally)	amd64 / Windows 10 / 10.0	db_11_2_xe	OraBench (Java 11.0.5)	JDBC (Version 19.3.0.0.0)	9		512	1024	100000	256	trial	2019.11.17 19:16:53.035996900	2019.11.17 19:18:19.153667100	86	86117883500
Standard tests (locally)	amd64 / Windows 10 / 10.0	db_11_2_xe	OraBench (Java 11.0.5)	JDBC (Version 19.3.0.0.0)	10	INSERT INTO ora_bench_table (key, data) VALUES (:key, :data)	512	1024	100000	256	query	2019.11.17 19:18:19.412670600	2019.11.17 19:18:53.175855900	34	33764051500
Standard tests (locally)	amd64 / Windows 10 / 10.0	db_11_2_xe	OraBench (Java 11.0.5)	JDBC (Version 19.3.0.0.0)	10	SELECT data FROM ora_bench_table WHERE key = :key	512	1024	100000	256	query	2019.11.17 19:18:53.176856300	2019.11.17 19:19:35.381828200	42	42205657600
Standard tests (locally)	amd64 / Windows 10 / 10.0	db_11_2_xe	OraBench (Java 11.0.5)	JDBC (Version 19.3.0.0.0)	10		512	1024	100000	256	trial	2019.11.17 19:18:19.154669000	2019.11.17 19:19:40.464826400	81	81310484900
Standard tests (locally)	amd64 / Windows 10 / 10.0	db_11_2_xe	OraBench (Java 11.0.5)	JDBC (Version 19.3.0.0.0)	0		512	1024	100000	256	benchmark	2019.11.17 19:05:17.571306300	2019.11.17 19:19:40.465829000	863	862893352100
Standard tests (locally)	amd64 / Windows 10 / 10.0	db_12_2_ee	OraBench (Java 11.0.5)	JDBC (Version 19.3.0.0.0)	1	INSERT INTO ora_bench_table (key, data) VALUES (:key, :data)	512	1024	100000	256	query	2019.11.17 19:24:21.617856000	2019.11.17 19:27:48.010263300	206	206392576000
Standard tests (locally)	amd64 / Windows 10 / 10.0	db_12_2_ee	OraBench (Java 11.0.5)	JDBC (Version 19.3.0.0.0)	1	SELECT data FROM ora_bench_table WHERE key = :key	512	1024	100000	256	query	2019.11.17 19:27:48.021264000	2019.11.17 19:28:31.789520400	44	43767733100
Standard tests (locally)	amd64 / Windows 10 / 10.0	db_12_2_ee	OraBench (Java 11.0.5)	JDBC (Version 19.3.0.0.0)	1		512	1024	100000	256	trial	2019.11.17 19:24:20.102856100	2019.11.17 19:28:46.430520300	266	266327788200
Standard tests (locally)	amd64 / Windows 10 / 10.0	db_12_2_ee	OraBench (Java 11.0.5)	JDBC (Version 19.3.0.0.0)	2	INSERT INTO ora_bench_table (key, data) VALUES (:key, :data)	512	1024	100000	256	query	2019.11.17 19:28:46.580521800	2019.11.17 19:31:18.443550800	152	151862660800
Standard tests (locally)	amd64 / Windows 10 / 10.0	db_12_2_ee	OraBench (Java 11.0.5)	JDBC (Version 19.3.0.0.0)	2	SELECT data FROM ora_bench_table WHERE key = :key	512	1024	100000	256	query	2019.11.17 19:31:18.443550800	2019.11.17 19:32:02.651615100	44	44208020800
Standard tests (locally)	amd64 / Windows 10 / 10.0	db_12_2_ee	OraBench (Java 11.0.5)	JDBC (Version 19.3.0.0.0)	2		512	1024	100000	256	trial	2019.11.17 19:28:46.430520300	2019.11.17 19:32:16.064612400	210	209633304200
Standard tests (locally)	amd64 / Windows 10 / 10.0	db_12_2_ee	OraBench (Java 11.0.5)	JDBC (Version 19.3.0.0.0)	3	INSERT INTO ora_bench_table (key, data) VALUES (:key, :data)	512	1024	100000	256	query	2019.11.17 19:32:16.205613900	2019.11.17 19:32:53.269972300	37	37064218600
Standard tests (locally)	amd64 / Windows 10 / 10.0	db_12_2_ee	OraBench (Java 11.0.5)	JDBC (Version 19.3.0.0.0)	3	SELECT data FROM ora_bench_table WHERE key = :key	512	1024	100000	256	query	2019.11.17 19:32:53.269972300	2019.11.17 19:33:38.681438100	45	45411575100
Standard tests (locally)	amd64 / Windows 10 / 10.0	db_12_2_ee	OraBench (Java 11.0.5)	JDBC (Version 19.3.0.0.0)	3		512	1024	100000	256	trial	2019.11.17 19:32:16.064612400	2019.11.17 19:33:52.565437800	97	96500642200
Standard tests (locally)	amd64 / Windows 10 / 10.0	db_12_2_ee	OraBench (Java 11.0.5)	JDBC (Version 19.3.0.0.0)	4	INSERT INTO ora_bench_table (key, data) VALUES (:key, :data)	512	1024	100000	256	query	2019.11.17 19:33:52.664436900	2019.11.17 19:34:18.688480300	26	26023675300
Standard tests (locally)	amd64 / Windows 10 / 10.0	db_12_2_ee	OraBench (Java 11.0.5)	JDBC (Version 19.3.0.0.0)	4	SELECT data FROM ora_bench_table WHERE key = :key	512	1024	100000	256	query	2019.11.17 19:34:18.688480300	2019.11.17 19:35:05.898838700	47	47210486800
Standard tests (locally)	amd64 / Windows 10 / 10.0	db_12_2_ee	OraBench (Java 11.0.5)	JDBC (Version 19.3.0.0.0)	4		512	1024	100000	256	trial	2019.11.17 19:33:52.565437800	2019.11.17 19:35:20.517848000	88	87952139100
Standard tests (locally)	amd64 / Windows 10 / 10.0	db_12_2_ee	OraBench (Java 11.0.5)	JDBC (Version 19.3.0.0.0)	5	INSERT INTO ora_bench_table (key, data) VALUES (:key, :data)	512	1024	100000	256	query	2019.11.17 19:35:20.599847100	2019.11.17 19:35:50.862167600	30	30262621200
Standard tests (locally)	amd64 / Windows 10 / 10.0	db_12_2_ee	OraBench (Java 11.0.5)	JDBC (Version 19.3.0.0.0)	5	SELECT data FROM ora_bench_table WHERE key = :key	512	1024	100000	256	query	2019.11.17 19:35:50.862167600	2019.11.17 19:36:35.209412300	44	44346682800
Standard tests (locally)	amd64 / Windows 10 / 10.0	db_12_2_ee	OraBench (Java 11.0.5)	JDBC (Version 19.3.0.0.0)	5		512	1024	100000	256	trial	2019.11.17 19:35:20.517848000	2019.11.17 19:36:49.310413100	89	88792450400
Standard tests (locally)	amd64 / Windows 10 / 10.0	db_12_2_ee	OraBench (Java 11.0.5)	JDBC (Version 19.3.0.0.0)	6	INSERT INTO ora_bench_table (key, data) VALUES (:key, :data)	512	1024	100000	256	query	2019.11.17 19:36:49.467412200	2019.11.17 19:37:19.123537400	30	29656358400
Standard tests (locally)	amd64 / Windows 10 / 10.0	db_12_2_ee	OraBench (Java 11.0.5)	JDBC (Version 19.3.0.0.0)	6	SELECT data FROM ora_bench_table WHERE key = :key	512	1024	100000	256	query	2019.11.17 19:37:19.124538000	2019.11.17 19:38:02.734277600	44	43610187300
Standard tests (locally)	amd64 / Windows 10 / 10.0	db_12_2_ee	OraBench (Java 11.0.5)	JDBC (Version 19.3.0.0.0)	6		512	1024	100000	256	trial	2019.11.17 19:36:49.310413100	2019.11.17 19:38:16.893980900	88	87584142400
Standard tests (locally)	amd64 / Windows 10 / 10.0	db_12_2_ee	OraBench (Java 11.0.5)	JDBC (Version 19.3.0.0.0)	7	INSERT INTO ora_bench_table (key, data) VALUES (:key, :data)	512	1024	100000	256	query	2019.11.17 19:38:17.035980300	2019.11.17 19:38:43.533747100	26	26497836500
Standard tests (locally)	amd64 / Windows 10 / 10.0	db_12_2_ee	OraBench (Java 11.0.5)	JDBC (Version 19.3.0.0.0)	7	SELECT data FROM ora_bench_table WHERE key = :key	512	1024	100000	256	query	2019.11.17 19:38:43.533747100	2019.11.17 19:39:30.091933800	47	46557550900
Standard tests (locally)	amd64 / Windows 10 / 10.0	db_12_2_ee	OraBench (Java 11.0.5)	JDBC (Version 19.3.0.0.0)	7		512	1024	100000	256	trial	2019.11.17 19:38:16.894979700	2019.11.17 19:39:44.113249000	87	87218359900
Standard tests (locally)	amd64 / Windows 10 / 10.0	db_12_2_ee	OraBench (Java 11.0.5)	JDBC (Version 19.3.0.0.0)	8	INSERT INTO ora_bench_table (key, data) VALUES (:key, :data)	512	1024	100000	256	query	2019.11.17 19:39:44.212247700	2019.11.17 19:40:12.119467500	28	27906589800
Standard tests (locally)	amd64 / Windows 10 / 10.0	db_12_2_ee	OraBench (Java 11.0.5)	JDBC (Version 19.3.0.0.0)	8	SELECT data FROM ora_bench_table WHERE key = :key	512	1024	100000	256	query	2019.11.17 19:40:12.119467500	2019.11.17 19:40:55.323289700	43	43204142800
Standard tests (locally)	amd64 / Windows 10 / 10.0	db_12_2_ee	OraBench (Java 11.0.5)	JDBC (Version 19.3.0.0.0)	8		512	1024	100000	256	trial	2019.11.17 19:39:44.113249000	2019.11.17 19:41:09.430287900	85	85316889300
Standard tests (locally)	amd64 / Windows 10 / 10.0	db_12_2_ee	OraBench (Java 11.0.5)	JDBC (Version 19.3.0.0.0)	9	INSERT INTO ora_bench_table (key, data) VALUES (:key, :data)	512	1024	100000	256	query	2019.11.17 19:41:09.514287900	2019.11.17 19:41:36.611972800	27	27097278600
Standard tests (locally)	amd64 / Windows 10 / 10.0	db_12_2_ee	OraBench (Java 11.0.5)	JDBC (Version 19.3.0.0.0)	9	SELECT data FROM ora_bench_table WHERE key = :key	512	1024	100000	256	query	2019.11.17 19:41:36.611972800	2019.11.17 19:42:21.632282500	45	45019944000
Standard tests (locally)	amd64 / Windows 10 / 10.0	db_12_2_ee	OraBench (Java 11.0.5)	JDBC (Version 19.3.0.0.0)	9		512	1024	100000	256	trial	2019.11.17 19:41:09.430287900	2019.11.17 19:42:34.433282600	85	85003169000
Standard tests (locally)	amd64 / Windows 10 / 10.0	db_12_2_ee	OraBench (Java 11.0.5)	JDBC (Version 19.3.0.0.0)	10	INSERT INTO ora_bench_table (key, data) VALUES (:key, :data)	512	1024	100000	256	query	2019.11.17 19:42:34.524281900	2019.11.17 19:42:57.956410300	23	23431301300
Standard tests (locally)	amd64 / Windows 10 / 10.0	db_12_2_ee	OraBench (Java 11.0.5)	JDBC (Version 19.3.0.0.0)	10	SELECT data FROM ora_bench_table WHERE key = :key	512	1024	100000	256	query	2019.11.17 19:42:57.956410300	2019.11.17 19:43:42.869170200	45	44912647300
Standard tests (locally)	amd64 / Windows 10 / 10.0	db_12_2_ee	OraBench (Java 11.0.5)	JDBC (Version 19.3.0.0.0)	10		512	1024	100000	256	trial	2019.11.17 19:42:34.433282600	2019.11.17 19:43:55.060167500	81	80626983600
Standard tests (locally)	amd64 / Windows 10 / 10.0	db_12_2_ee	OraBench (Java 11.0.5)	JDBC (Version 19.3.0.0.0)	0		512	1024	100000	256	benchmark	2019.11.17 19:24:13.623847300	2019.11.17 19:43:55.062169000	1181	1181437386100
Standard tests (locally)	amd64 / Windows 10 / 10.0	db_18_3_ee	OraBench (Java 11.0.5)	JDBC (Version 19.3.0.0.0)	1	INSERT INTO ora_bench_table (key, data) VALUES (:key, :data)	512	1024	100000	256	query	2019.11.17 19:50:04.473335900	2019.11.17 19:52:47.828957100	163	163355174300
Standard tests (locally)	amd64 / Windows 10 / 10.0	db_18_3_ee	OraBench (Java 11.0.5)	JDBC (Version 19.3.0.0.0)	1	SELECT data FROM ora_bench_table WHERE key = :key	512	1024	100000	256	query	2019.11.17 19:52:47.835957000	2019.11.17 19:53:33.857111400	46	46020439200
Standard tests (locally)	amd64 / Windows 10 / 10.0	db_18_3_ee	OraBench (Java 11.0.5)	JDBC (Version 19.3.0.0.0)	1		512	1024	100000	256	trial	2019.11.17 19:50:04.118333800	2019.11.17 19:53:50.439111400	226	226321329100
Standard tests (locally)	amd64 / Windows 10 / 10.0	db_18_3_ee	OraBench (Java 11.0.5)	JDBC (Version 19.3.0.0.0)	2	INSERT INTO ora_bench_table (key, data) VALUES (:key, :data)	512	1024	100000	256	query	2019.11.17 19:53:50.639114300	2019.11.17 19:54:45.659186100	55	55020255400
Standard tests (locally)	amd64 / Windows 10 / 10.0	db_18_3_ee	OraBench (Java 11.0.5)	JDBC (Version 19.3.0.0.0)	2	SELECT data FROM ora_bench_table WHERE key = :key	512	1024	100000	256	query	2019.11.17 19:54:45.660184600	2019.11.17 19:55:29.154252600	43	43494526300
Standard tests (locally)	amd64 / Windows 10 / 10.0	db_18_3_ee	OraBench (Java 11.0.5)	JDBC (Version 19.3.0.0.0)	2		512	1024	100000	256	trial	2019.11.17 19:53:50.439111400	2019.11.17 19:55:41.847252400	111	111407388900
Standard tests (locally)	amd64 / Windows 10 / 10.0	db_18_3_ee	OraBench (Java 11.0.5)	JDBC (Version 19.3.0.0.0)	3	INSERT INTO ora_bench_table (key, data) VALUES (:key, :data)	512	1024	100000	256	query	2019.11.17 19:55:41.939250800	2019.11.17 19:56:10.343278900	28	28404338000
Standard tests (locally)	amd64 / Windows 10 / 10.0	db_18_3_ee	OraBench (Java 11.0.5)	JDBC (Version 19.3.0.0.0)	3	SELECT data FROM ora_bench_table WHERE key = :key	512	1024	100000	256	query	2019.11.17 19:56:10.343278900	2019.11.17 19:56:54.243816700	44	43900236800
Standard tests (locally)	amd64 / Windows 10 / 10.0	db_18_3_ee	OraBench (Java 11.0.5)	JDBC (Version 19.3.0.0.0)	3		512	1024	100000	256	trial	2019.11.17 19:55:41.847252400	2019.11.17 19:57:07.874821200	86	86027374100
Standard tests (locally)	amd64 / Windows 10 / 10.0	db_18_3_ee	OraBench (Java 11.0.5)	JDBC (Version 19.3.0.0.0)	4	INSERT INTO ora_bench_table (key, data) VALUES (:key, :data)	512	1024	100000	256	query	2019.11.17 19:57:07.973824300	2019.11.17 19:57:34.529781300	27	26556102000
Standard tests (locally)	amd64 / Windows 10 / 10.0	db_18_3_ee	OraBench (Java 11.0.5)	JDBC (Version 19.3.0.0.0)	4	SELECT data FROM ora_bench_table WHERE key = :key	512	1024	100000	256	query	2019.11.17 19:57:34.529781300	2019.11.17 19:58:20.668052900	46	46137906200
Standard tests (locally)	amd64 / Windows 10 / 10.0	db_18_3_ee	OraBench (Java 11.0.5)	JDBC (Version 19.3.0.0.0)	4		512	1024	100000	256	trial	2019.11.17 19:57:07.874821200	2019.11.17 19:58:34.909071300	87	87034411900
Standard tests (locally)	amd64 / Windows 10 / 10.0	db_18_3_ee	OraBench (Java 11.0.5)	JDBC (Version 19.3.0.0.0)	5	INSERT INTO ora_bench_table (key, data) VALUES (:key, :data)	512	1024	100000	256	query	2019.11.17 19:58:35.000066800	2019.11.17 19:59:01.011355500	26	26011508800
Standard tests (locally)	amd64 / Windows 10 / 10.0	db_18_3_ee	OraBench (Java 11.0.5)	JDBC (Version 19.3.0.0.0)	5	SELECT data FROM ora_bench_table WHERE key = :key	512	1024	100000	256	query	2019.11.17 19:59:01.012354600	2019.11.17 19:59:43.882343700	43	42870651400
Standard tests (locally)	amd64 / Windows 10 / 10.0	db_18_3_ee	OraBench (Java 11.0.5)	JDBC (Version 19.3.0.0.0)	5		512	1024	100000	256	trial	2019.11.17 19:58:34.909071300	2019.11.17 19:59:57.544344100	83	82634912800
Standard tests (locally)	amd64 / Windows 10 / 10.0	db_18_3_ee	OraBench (Java 11.0.5)	JDBC (Version 19.3.0.0.0)	6	INSERT INTO ora_bench_table (key, data) VALUES (:key, :data)	512	1024	100000	256	query	2019.11.17 19:59:57.652343100	2019.11.17 20:00:26.033794200	28	28380887900
Standard tests (locally)	amd64 / Windows 10 / 10.0	db_18_3_ee	OraBench (Java 11.0.5)	JDBC (Version 19.3.0.0.0)	6	SELECT data FROM ora_bench_table WHERE key = :key	512	1024	100000	256	query	2019.11.17 20:00:26.033794200	2019.11.17 20:01:09.309360800	43	43277326200
Standard tests (locally)	amd64 / Windows 10 / 10.0	db_18_3_ee	OraBench (Java 11.0.5)	JDBC (Version 19.3.0.0.0)	6		512	1024	100000	256	trial	2019.11.17 19:59:57.544344100	2019.11.17 20:01:22.993571100	85	85451656800
Standard tests (locally)	amd64 / Windows 10 / 10.0	db_18_3_ee	OraBench (Java 11.0.5)	JDBC (Version 19.3.0.0.0)	7	INSERT INTO ora_bench_table (key, data) VALUES (:key, :data)	512	1024	100000	256	query	2019.11.17 20:01:23.092566600	2019.11.17 20:01:50.064495400	27	26973073700
Standard tests (locally)	amd64 / Windows 10 / 10.0	db_18_3_ee	OraBench (Java 11.0.5)	JDBC (Version 19.3.0.0.0)	7	SELECT data FROM ora_bench_table WHERE key = :key	512	1024	100000	256	query	2019.11.17 20:01:50.064495400	2019.11.17 20:02:35.679211900	46	45617387300
Standard tests (locally)	amd64 / Windows 10 / 10.0	db_18_3_ee	OraBench (Java 11.0.5)	JDBC (Version 19.3.0.0.0)	7		512	1024	100000	256	trial	2019.11.17 20:01:22.993571100	2019.11.17 20:02:49.590409700	87	86601443100
Standard tests (locally)	amd64 / Windows 10 / 10.0	db_18_3_ee	OraBench (Java 11.0.5)	JDBC (Version 19.3.0.0.0)	8	INSERT INTO ora_bench_table (key, data) VALUES (:key, :data)	512	1024	100000	256	query	2019.11.17 20:02:49.681402900	2019.11.17 20:03:17.168617400	27	27489386500
Standard tests (locally)	amd64 / Windows 10 / 10.0	db_18_3_ee	OraBench (Java 11.0.5)	JDBC (Version 19.3.0.0.0)	8	SELECT data FROM ora_bench_table WHERE key = :key	512	1024	100000	256	query	2019.11.17 20:03:17.168617400	2019.11.17 20:04:01.829904500	45	44663882100
Standard tests (locally)	amd64 / Windows 10 / 10.0	db_18_3_ee	OraBench (Java 11.0.5)	JDBC (Version 19.3.0.0.0)	8		512	1024	100000	256	trial	2019.11.17 20:02:49.590409700	2019.11.17 20:04:15.553115200	86	85968242700
Standard tests (locally)	amd64 / Windows 10 / 10.0	db_18_3_ee	OraBench (Java 11.0.5)	JDBC (Version 19.3.0.0.0)	9	INSERT INTO ora_bench_table (key, data) VALUES (:key, :data)	512	1024	100000	256	query	2019.11.17 20:04:15.694104500	2019.11.17 20:04:45.523882500	30	29831437400
Standard tests (locally)	amd64 / Windows 10 / 10.0	db_18_3_ee	OraBench (Java 11.0.5)	JDBC (Version 19.3.0.0.0)	9	SELECT data FROM ora_bench_table WHERE key = :key	512	1024	100000	256	query	2019.11.17 20:04:45.523882500	2019.11.17 20:05:30.361011700	45	44839119000
Standard tests (locally)	amd64 / Windows 10 / 10.0	db_18_3_ee	OraBench (Java 11.0.5)	JDBC (Version 19.3.0.0.0)	9		512	1024	100000	256	trial	2019.11.17 20:04:15.553115200	2019.11.17 20:05:43.450255400	88	87901327400
Standard tests (locally)	amd64 / Windows 10 / 10.0	db_18_3_ee	OraBench (Java 11.0.5)	JDBC (Version 19.3.0.0.0)	10	INSERT INTO ora_bench_table (key, data) VALUES (:key, :data)	512	1024	100000	256	query	2019.11.17 20:05:43.624243900	2019.11.17 20:06:10.566671100	27	26943749700
Standard tests (locally)	amd64 / Windows 10 / 10.0	db_18_3_ee	OraBench (Java 11.0.5)	JDBC (Version 19.3.0.0.0)	10	SELECT data FROM ora_bench_table WHERE key = :key	512	1024	100000	256	query	2019.11.17 20:06:10.566671100	2019.11.17 20:06:54.430785600	44	43866473400
Standard tests (locally)	amd64 / Windows 10 / 10.0	db_18_3_ee	OraBench (Java 11.0.5)	JDBC (Version 19.3.0.0.0)	10		512	1024	100000	256	trial	2019.11.17 20:05:43.450255400	2019.11.17 20:07:07.572029400	84	84126981500
Standard tests (locally)	amd64 / Windows 10 / 10.0	db_18_3_ee	OraBench (Java 11.0.5)	JDBC (Version 19.3.0.0.0)	0		512	1024	100000	256	benchmark	2019.11.17 19:49:46.127790400	2019.11.17 20:07:07.574028900	1041	1041467428500
Standard tests (locally)	amd64 / Windows 10 / 10.0	db_19_3_ee	OraBench (Java 11.0.5)	JDBC (Version 19.3.0.0.0)	1	INSERT INTO ora_bench_table (key, data) VALUES (:key, :data)	512	1024	100000	256	query	2019.11.17 20:27:46.795392800	2019.11.17 20:28:38.096747800	51	51304563300
Standard tests (locally)	amd64 / Windows 10 / 10.0	db_19_3_ee	OraBench (Java 11.0.5)	JDBC (Version 19.3.0.0.0)	1	SELECT data FROM ora_bench_table WHERE key = :key	512	1024	100000	256	query	2019.11.17 20:28:38.104747700	2019.11.17 20:29:26.045048600	48	47942687100
Standard tests (locally)	amd64 / Windows 10 / 10.0	db_19_3_ee	OraBench (Java 11.0.5)	JDBC (Version 19.3.0.0.0)	1		512	1024	100000	256	trial	2019.11.17 20:27:45.740450600	2019.11.17 20:29:40.264228400	115	114529740800
Standard tests (locally)	amd64 / Windows 10 / 10.0	db_19_3_ee	OraBench (Java 11.0.5)	JDBC (Version 19.3.0.0.0)	2	INSERT INTO ora_bench_table (key, data) VALUES (:key, :data)	512	1024	100000	256	query	2019.11.17 20:29:40.347222500	2019.11.17 20:29:57.993655800	18	17647755500
Standard tests (locally)	amd64 / Windows 10 / 10.0	db_19_3_ee	OraBench (Java 11.0.5)	JDBC (Version 19.3.0.0.0)	2	SELECT data FROM ora_bench_table WHERE key = :key	512	1024	100000	256	query	2019.11.17 20:29:57.993655800	2019.11.17 20:30:45.493834500	48	47503070900
Standard tests (locally)	amd64 / Windows 10 / 10.0	db_19_3_ee	OraBench (Java 11.0.5)	JDBC (Version 19.3.0.0.0)	2		512	1024	100000	256	trial	2019.11.17 20:29:40.264228400	2019.11.17 20:30:59.211042500	79	78951920300
Standard tests (locally)	amd64 / Windows 10 / 10.0	db_19_3_ee	OraBench (Java 11.0.5)	JDBC (Version 19.3.0.0.0)	3	INSERT INTO ora_bench_table (key, data) VALUES (:key, :data)	512	1024	100000	256	query	2019.11.17 20:30:59.294039100	2019.11.17 20:31:23.191025300	24	23898166900
Standard tests (locally)	amd64 / Windows 10 / 10.0	db_19_3_ee	OraBench (Java 11.0.5)	JDBC (Version 19.3.0.0.0)	3	SELECT data FROM ora_bench_table WHERE key = :key	512	1024	100000	256	query	2019.11.17 20:31:23.191025300	2019.11.17 20:32:08.382565400	45	45194088000
Standard tests (locally)	amd64 / Windows 10 / 10.0	db_19_3_ee	OraBench (Java 11.0.5)	JDBC (Version 19.3.0.0.0)	3		512	1024	100000	256	trial	2019.11.17 20:30:59.211042500	2019.11.17 20:32:22.899723700	84	83693521900
Standard tests (locally)	amd64 / Windows 10 / 10.0	db_19_3_ee	OraBench (Java 11.0.5)	JDBC (Version 19.3.0.0.0)	4	INSERT INTO ora_bench_table (key, data) VALUES (:key, :data)	512	1024	100000	256	query	2019.11.17 20:32:22.999714900	2019.11.17 20:32:47.955330100	25	24956848700
Standard tests (locally)	amd64 / Windows 10 / 10.0	db_19_3_ee	OraBench (Java 11.0.5)	JDBC (Version 19.3.0.0.0)	4	SELECT data FROM ora_bench_table WHERE key = :key	512	1024	100000	256	query	2019.11.17 20:32:47.955330100	2019.11.17 20:33:35.186126900	47	47233346400
Standard tests (locally)	amd64 / Windows 10 / 10.0	db_19_3_ee	OraBench (Java 11.0.5)	JDBC (Version 19.3.0.0.0)	4		512	1024	100000	256	trial	2019.11.17 20:32:22.900721800	2019.11.17 20:33:49.484303500	87	86589108700
Standard tests (locally)	amd64 / Windows 10 / 10.0	db_19_3_ee	OraBench (Java 11.0.5)	JDBC (Version 19.3.0.0.0)	5	INSERT INTO ora_bench_table (key, data) VALUES (:key, :data)	512	1024	100000	256	query	2019.11.17 20:33:49.730289300	2019.11.17 20:34:13.004676400	23	23275948000
Standard tests (locally)	amd64 / Windows 10 / 10.0	db_19_3_ee	OraBench (Java 11.0.5)	JDBC (Version 19.3.0.0.0)	5	SELECT data FROM ora_bench_table WHERE key = :key	512	1024	100000	256	query	2019.11.17 20:34:13.004676400	2019.11.17 20:34:56.632762500	44	43630667200
Standard tests (locally)	amd64 / Windows 10 / 10.0	db_19_3_ee	OraBench (Java 11.0.5)	JDBC (Version 19.3.0.0.0)	5		512	1024	100000	256	trial	2019.11.17 20:33:49.484303500	2019.11.17 20:35:10.363971600	81	80884358000
Standard tests (locally)	amd64 / Windows 10 / 10.0	db_19_3_ee	OraBench (Java 11.0.5)	JDBC (Version 19.3.0.0.0)	6	INSERT INTO ora_bench_table (key, data) VALUES (:key, :data)	512	1024	100000	256	query	2019.11.17 20:35:10.568960600	2019.11.17 20:35:33.648870900	23	23081598600
Standard tests (locally)	amd64 / Windows 10 / 10.0	db_19_3_ee	OraBench (Java 11.0.5)	JDBC (Version 19.3.0.0.0)	6	SELECT data FROM ora_bench_table WHERE key = :key	512	1024	100000	256	query	2019.11.17 20:35:33.648870900	2019.11.17 20:36:16.599684100	43	42952994900
Standard tests (locally)	amd64 / Windows 10 / 10.0	db_19_3_ee	OraBench (Java 11.0.5)	JDBC (Version 19.3.0.0.0)	6		512	1024	100000	256	trial	2019.11.17 20:35:10.364971100	2019.11.17 20:36:30.024914100	80	79664754300
Standard tests (locally)	amd64 / Windows 10 / 10.0	db_19_3_ee	OraBench (Java 11.0.5)	JDBC (Version 19.3.0.0.0)	7	INSERT INTO ora_bench_table (key, data) VALUES (:key, :data)	512	1024	100000	256	query	2019.11.17 20:36:30.107906300	2019.11.17 20:36:53.604619200	23	23497847800
Standard tests (locally)	amd64 / Windows 10 / 10.0	db_19_3_ee	OraBench (Java 11.0.5)	JDBC (Version 19.3.0.0.0)	7	SELECT data FROM ora_bench_table WHERE key = :key	512	1024	100000	256	query	2019.11.17 20:36:53.604619200	2019.11.17 20:37:36.231495400	43	42629108600
Standard tests (locally)	amd64 / Windows 10 / 10.0	db_19_3_ee	OraBench (Java 11.0.5)	JDBC (Version 19.3.0.0.0)	7		512	1024	100000	256	trial	2019.11.17 20:36:30.024914100	2019.11.17 20:37:50.788656100	81	80768751500
Standard tests (locally)	amd64 / Windows 10 / 10.0	db_19_3_ee	OraBench (Java 11.0.5)	JDBC (Version 19.3.0.0.0)	8	INSERT INTO ora_bench_table (key, data) VALUES (:key, :data)	512	1024	100000	256	query	2019.11.17 20:37:50.922646000	2019.11.17 20:38:13.334364800	22	22413071800
Standard tests (locally)	amd64 / Windows 10 / 10.0	db_19_3_ee	OraBench (Java 11.0.5)	JDBC (Version 19.3.0.0.0)	8	SELECT data FROM ora_bench_table WHERE key = :key	512	1024	100000	256	query	2019.11.17 20:38:13.334364800	2019.11.17 20:38:57.165105100	44	43833034200
Standard tests (locally)	amd64 / Windows 10 / 10.0	db_19_3_ee	OraBench (Java 11.0.5)	JDBC (Version 19.3.0.0.0)	8		512	1024	100000	256	trial	2019.11.17 20:37:50.789655300	2019.11.17 20:39:12.194238100	81	81410102200
Standard tests (locally)	amd64 / Windows 10 / 10.0	db_19_3_ee	OraBench (Java 11.0.5)	JDBC (Version 19.3.0.0.0)	9	INSERT INTO ora_bench_table (key, data) VALUES (:key, :data)	512	1024	100000	256	query	2019.11.17 20:39:12.295233300	2019.11.17 20:39:33.341535700	21	21047865400
Standard tests (locally)	amd64 / Windows 10 / 10.0	db_19_3_ee	OraBench (Java 11.0.5)	JDBC (Version 19.3.0.0.0)	9	SELECT data FROM ora_bench_table WHERE key = :key	512	1024	100000	256	query	2019.11.17 20:39:33.341535700	2019.11.17 20:40:16.259775300	43	42921150500
Standard tests (locally)	amd64 / Windows 10 / 10.0	db_19_3_ee	OraBench (Java 11.0.5)	JDBC (Version 19.3.0.0.0)	9		512	1024	100000	256	trial	2019.11.17 20:39:12.194238100	2019.11.17 20:40:30.058979000	78	77869137600
Standard tests (locally)	amd64 / Windows 10 / 10.0	db_19_3_ee	OraBench (Java 11.0.5)	JDBC (Version 19.3.0.0.0)	10	INSERT INTO ora_bench_table (key, data) VALUES (:key, :data)	512	1024	100000	256	query	2019.11.17 20:40:30.158976200	2019.11.17 20:40:53.597511400	23	23440184000
Standard tests (locally)	amd64 / Windows 10 / 10.0	db_19_3_ee	OraBench (Java 11.0.5)	JDBC (Version 19.3.0.0.0)	10	SELECT data FROM ora_bench_table WHERE key = :key	512	1024	100000	256	query	2019.11.17 20:40:53.597511400	2019.11.17 20:41:37.141063600	44	43545589400
Standard tests (locally)	amd64 / Windows 10 / 10.0	db_19_3_ee	OraBench (Java 11.0.5)	JDBC (Version 19.3.0.0.0)	10		512	1024	100000	256	trial	2019.11.17 20:40:30.059980100	2019.11.17 20:41:50.907270000	81	80851985300
Standard tests (locally)	amd64 / Windows 10 / 10.0	db_19_3_ee	OraBench (Java 11.0.5)	JDBC (Version 19.3.0.0.0)	0		512	1024	100000	256	benchmark	2019.11.17 20:27:41.991668000	2019.11.17 20:41:50.924270400	849	848980243000
Standard tests (Travis CI)	amd64 / Linux / 4.15.0-1028-gcp	db_11_2_xe	OraBench (Java 11.0.2)	JDBC (Version 19.3.0.0.0)	1	INSERT INTO ora_bench_table (key, data) VALUES (:key, :data)	512	1024	100000	256	query	2019.11.17 19:51:05.693685000	2019.11.17 19:51:15.257706000	10	9564017104
Standard tests (Travis CI)	amd64 / Linux / 4.15.0-1028-gcp	db_11_2_xe	OraBench (Java 11.0.2)	JDBC (Version 19.3.0.0.0)	1	SELECT data FROM ora_bench_table WHERE key = :key	512	1024	100000	256	query	2019.11.17 19:51:15.276490000	2019.11.17 19:51:33.728293000	18	18451802306
Standard tests (Travis CI)	amd64 / Linux / 4.15.0-1028-gcp	db_11_2_xe	OraBench (Java 11.0.2)	JDBC (Version 19.3.0.0.0)	1		512	1024	100000	256	trial	2019.11.17 19:51:05.487614000	2019.11.17 19:51:34.249867000	29	28762237397
Standard tests (Travis CI)	amd64 / Linux / 4.15.0-1028-gcp	db_11_2_xe	OraBench (Java 11.0.2)	JDBC (Version 19.3.0.0.0)	2	INSERT INTO ora_bench_table (key, data) VALUES (:key, :data)	512	1024	100000	256	query	2019.11.17 19:51:34.336994000	2019.11.17 19:51:45.983301000	12	11647294608
Standard tests (Travis CI)	amd64 / Linux / 4.15.0-1028-gcp	db_11_2_xe	OraBench (Java 11.0.2)	JDBC (Version 19.3.0.0.0)	2	SELECT data FROM ora_bench_table WHERE key = :key	512	1024	100000	256	query	2019.11.17 19:51:45.985148000	2019.11.17 19:52:02.384160000	16	16399001954
Standard tests (Travis CI)	amd64 / Linux / 4.15.0-1028-gcp	db_11_2_xe	OraBench (Java 11.0.2)	JDBC (Version 19.3.0.0.0)	2		512	1024	100000	256	trial	2019.11.17 19:51:34.250169000	2019.11.17 19:52:02.815675000	29	28565538550
Standard tests (Travis CI)	amd64 / Linux / 4.15.0-1028-gcp	db_11_2_xe	OraBench (Java 11.0.2)	JDBC (Version 19.3.0.0.0)	3	INSERT INTO ora_bench_table (key, data) VALUES (:key, :data)	512	1024	100000	256	query	2019.11.17 19:52:02.826119000	2019.11.17 19:52:15.157278000	12	12331169269
Standard tests (Travis CI)	amd64 / Linux / 4.15.0-1028-gcp	db_11_2_xe	OraBench (Java 11.0.2)	JDBC (Version 19.3.0.0.0)	3	SELECT data FROM ora_bench_table WHERE key = :key	512	1024	100000	256	query	2019.11.17 19:52:15.157727000	2019.11.17 19:52:30.386731000	15	15229017883
Standard tests (Travis CI)	amd64 / Linux / 4.15.0-1028-gcp	db_11_2_xe	OraBench (Java 11.0.2)	JDBC (Version 19.3.0.0.0)	3		512	1024	100000	256	trial	2019.11.17 19:52:02.816696000	2019.11.17 19:52:30.834594000	28	28017915600
Standard tests (Travis CI)	amd64 / Linux / 4.15.0-1028-gcp	db_11_2_xe	OraBench (Java 11.0.2)	JDBC (Version 19.3.0.0.0)	4	INSERT INTO ora_bench_table (key, data) VALUES (:key, :data)	512	1024	100000	256	query	2019.11.17 19:52:30.844919000	2019.11.17 19:52:40.379747000	10	9534849795
Standard tests (Travis CI)	amd64 / Linux / 4.15.0-1028-gcp	db_11_2_xe	OraBench (Java 11.0.2)	JDBC (Version 19.3.0.0.0)	4	SELECT data FROM ora_bench_table WHERE key = :key	512	1024	100000	256	query	2019.11.17 19:52:40.380414000	2019.11.17 19:52:57.632176000	17	17251777615
Standard tests (Travis CI)	amd64 / Linux / 4.15.0-1028-gcp	db_11_2_xe	OraBench (Java 11.0.2)	JDBC (Version 19.3.0.0.0)	4		512	1024	100000	256	trial	2019.11.17 19:52:30.835120000	2019.11.17 19:52:58.074992000	27	27239887228
Standard tests (Travis CI)	amd64 / Linux / 4.15.0-1028-gcp	db_11_2_xe	OraBench (Java 11.0.2)	JDBC (Version 19.3.0.0.0)	5	INSERT INTO ora_bench_table (key, data) VALUES (:key, :data)	512	1024	100000	256	query	2019.11.17 19:52:58.084401000	2019.11.17 19:53:09.253336000	11	11168925528
Standard tests (Travis CI)	amd64 / Linux / 4.15.0-1028-gcp	db_11_2_xe	OraBench (Java 11.0.2)	JDBC (Version 19.3.0.0.0)	5	SELECT data FROM ora_bench_table WHERE key = :key	512	1024	100000	256	query	2019.11.17 19:53:09.253665000	2019.11.17 19:53:24.879497000	16	15625861164
Standard tests (Travis CI)	amd64 / Linux / 4.15.0-1028-gcp	db_11_2_xe	OraBench (Java 11.0.2)	JDBC (Version 19.3.0.0.0)	5		512	1024	100000	256	trial	2019.11.17 19:52:58.075372000	2019.11.17 19:53:25.326030000	27	27250650813
Standard tests (Travis CI)	amd64 / Linux / 4.15.0-1028-gcp	db_11_2_xe	OraBench (Java 11.0.2)	JDBC (Version 19.3.0.0.0)	6	INSERT INTO ora_bench_table (key, data) VALUES (:key, :data)	512	1024	100000	256	query	2019.11.17 19:53:25.336366000	2019.11.17 19:53:34.594238000	9	9257866275
Standard tests (Travis CI)	amd64 / Linux / 4.15.0-1028-gcp	db_11_2_xe	OraBench (Java 11.0.2)	JDBC (Version 19.3.0.0.0)	6	SELECT data FROM ora_bench_table WHERE key = :key	512	1024	100000	256	query	2019.11.17 19:53:34.594762000	2019.11.17 19:53:50.715871000	16	16121158933
Standard tests (Travis CI)	amd64 / Linux / 4.15.0-1028-gcp	db_11_2_xe	OraBench (Java 11.0.2)	JDBC (Version 19.3.0.0.0)	6		512	1024	100000	256	trial	2019.11.17 19:53:25.326390000	2019.11.17 19:53:51.153829000	26	25827466919
Standard tests (Travis CI)	amd64 / Linux / 4.15.0-1028-gcp	db_11_2_xe	OraBench (Java 11.0.2)	JDBC (Version 19.3.0.0.0)	7	INSERT INTO ora_bench_table (key, data) VALUES (:key, :data)	512	1024	100000	256	query	2019.11.17 19:53:51.164561000	2019.11.17 19:54:03.296025000	12	12131468273
Standard tests (Travis CI)	amd64 / Linux / 4.15.0-1028-gcp	db_11_2_xe	OraBench (Java 11.0.2)	JDBC (Version 19.3.0.0.0)	7	SELECT data FROM ora_bench_table WHERE key = :key	512	1024	100000	256	query	2019.11.17 19:54:03.296498000	2019.11.17 19:54:19.026024000	16	15729541714
Standard tests (Travis CI)	amd64 / Linux / 4.15.0-1028-gcp	db_11_2_xe	OraBench (Java 11.0.2)	JDBC (Version 19.3.0.0.0)	7		512	1024	100000	256	trial	2019.11.17 19:53:51.154444000	2019.11.17 19:54:19.505695000	28	28351260997
Standard tests (Travis CI)	amd64 / Linux / 4.15.0-1028-gcp	db_11_2_xe	OraBench (Java 11.0.2)	JDBC (Version 19.3.0.0.0)	8	INSERT INTO ora_bench_table (key, data) VALUES (:key, :data)	512	1024	100000	256	query	2019.11.17 19:54:19.544326000	2019.11.17 19:54:29.410304000	10	9865976731
Standard tests (Travis CI)	amd64 / Linux / 4.15.0-1028-gcp	db_11_2_xe	OraBench (Java 11.0.2)	JDBC (Version 19.3.0.0.0)	8	SELECT data FROM ora_bench_table WHERE key = :key	512	1024	100000	256	query	2019.11.17 19:54:29.410672000	2019.11.17 19:54:45.215642000	16	15805009812
Standard tests (Travis CI)	amd64 / Linux / 4.15.0-1028-gcp	db_11_2_xe	OraBench (Java 11.0.2)	JDBC (Version 19.3.0.0.0)	8		512	1024	100000	256	trial	2019.11.17 19:54:19.505984000	2019.11.17 19:54:45.661798000	26	26155842428
Standard tests (Travis CI)	amd64 / Linux / 4.15.0-1028-gcp	db_11_2_xe	OraBench (Java 11.0.2)	JDBC (Version 19.3.0.0.0)	9	INSERT INTO ora_bench_table (key, data) VALUES (:key, :data)	512	1024	100000	256	query	2019.11.17 19:54:45.744265000	2019.11.17 19:54:54.182617000	8	8438349477
Standard tests (Travis CI)	amd64 / Linux / 4.15.0-1028-gcp	db_11_2_xe	OraBench (Java 11.0.2)	JDBC (Version 19.3.0.0.0)	9	SELECT data FROM ora_bench_table WHERE key = :key	512	1024	100000	256	query	2019.11.17 19:54:54.182978000	2019.11.17 19:55:10.346007000	16	16163055383
Standard tests (Travis CI)	amd64 / Linux / 4.15.0-1028-gcp	db_11_2_xe	OraBench (Java 11.0.2)	JDBC (Version 19.3.0.0.0)	9		512	1024	100000	256	trial	2019.11.17 19:54:45.662071000	2019.11.17 19:55:10.786477000	25	25124436489
Standard tests (Travis CI)	amd64 / Linux / 4.15.0-1028-gcp	db_11_2_xe	OraBench (Java 11.0.2)	JDBC (Version 19.3.0.0.0)	10	INSERT INTO ora_bench_table (key, data) VALUES (:key, :data)	512	1024	100000	256	query	2019.11.17 19:55:10.864098000	2019.11.17 19:55:23.056123000	12	12192011203
Standard tests (Travis CI)	amd64 / Linux / 4.15.0-1028-gcp	db_11_2_xe	OraBench (Java 11.0.2)	JDBC (Version 19.3.0.0.0)	10	SELECT data FROM ora_bench_table WHERE key = :key	512	1024	100000	256	query	2019.11.17 19:55:23.056475000	2019.11.17 19:55:38.700143000	16	15643722143
Standard tests (Travis CI)	amd64 / Linux / 4.15.0-1028-gcp	db_11_2_xe	OraBench (Java 11.0.2)	JDBC (Version 19.3.0.0.0)	10		512	1024	100000	256	trial	2019.11.17 19:55:10.786801000	2019.11.17 19:55:39.147727000	28	28360952894
Standard tests (Travis CI)	amd64 / Linux / 4.15.0-1028-gcp	db_11_2_xe	OraBench (Java 11.0.2)	JDBC (Version 19.3.0.0.0)	0		512	1024	100000	256	benchmark	2019.11.17 19:51:02.490415000	2019.11.17 19:55:39.149723000	277	276658908095
Standard tests (Travis CI)	amd64 / Linux / 4.15.0-1028-gcp	db_12_2_ee	OraBench (Java 11.0.2)	JDBC (Version 19.3.0.0.0)	1	INSERT INTO ora_bench_table (key, data) VALUES (:key, :data)	512	1024	100000	256	query	2019.11.17 20:07:21.306857000	2019.11.17 20:07:31.174266000	10	9867414951
Standard tests (Travis CI)	amd64 / Linux / 4.15.0-1028-gcp	db_12_2_ee	OraBench (Java 11.0.2)	JDBC (Version 19.3.0.0.0)	1	SELECT data FROM ora_bench_table WHERE key = :key	512	1024	100000	256	query	2019.11.17 20:07:31.203025000	2019.11.17 20:08:01.372606000	30	30169590063
Standard tests (Travis CI)	amd64 / Linux / 4.15.0-1028-gcp	db_12_2_ee	OraBench (Java 11.0.2)	JDBC (Version 19.3.0.0.0)	1		512	1024	100000	256	trial	2019.11.17 20:07:20.662009000	2019.11.17 20:08:03.167031000	43	42505026640
Standard tests (Travis CI)	amd64 / Linux / 4.15.0-1028-gcp	db_12_2_ee	OraBench (Java 11.0.2)	JDBC (Version 19.3.0.0.0)	2	INSERT INTO ora_bench_table (key, data) VALUES (:key, :data)	512	1024	100000	256	query	2019.11.17 20:08:03.240171000	2019.11.17 20:08:10.481008000	7	7240836799
Standard tests (Travis CI)	amd64 / Linux / 4.15.0-1028-gcp	db_12_2_ee	OraBench (Java 11.0.2)	JDBC (Version 19.3.0.0.0)	2	SELECT data FROM ora_bench_table WHERE key = :key	512	1024	100000	256	query	2019.11.17 20:08:10.481470000	2019.11.17 20:08:39.598204000	29	29116754569
Standard tests (Travis CI)	amd64 / Linux / 4.15.0-1028-gcp	db_12_2_ee	OraBench (Java 11.0.2)	JDBC (Version 19.3.0.0.0)	2		512	1024	100000	256	trial	2019.11.17 20:08:03.167409000	2019.11.17 20:08:41.022037000	38	37854651847
Standard tests (Travis CI)	amd64 / Linux / 4.15.0-1028-gcp	db_12_2_ee	OraBench (Java 11.0.2)	JDBC (Version 19.3.0.0.0)	3	INSERT INTO ora_bench_table (key, data) VALUES (:key, :data)	512	1024	100000	256	query	2019.11.17 20:08:41.169237000	2019.11.17 20:08:48.062955000	7	6893715214
Standard tests (Travis CI)	amd64 / Linux / 4.15.0-1028-gcp	db_12_2_ee	OraBench (Java 11.0.2)	JDBC (Version 19.3.0.0.0)	3	SELECT data FROM ora_bench_table WHERE key = :key	512	1024	100000	256	query	2019.11.17 20:08:48.063449000	2019.11.17 20:09:17.635105000	30	29571677131
Standard tests (Travis CI)	amd64 / Linux / 4.15.0-1028-gcp	db_12_2_ee	OraBench (Java 11.0.2)	JDBC (Version 19.3.0.0.0)	3		512	1024	100000	256	trial	2019.11.17 20:08:41.022415000	2019.11.17 20:09:19.030164000	38	38007775287
Standard tests (Travis CI)	amd64 / Linux / 4.15.0-1028-gcp	db_12_2_ee	OraBench (Java 11.0.2)	JDBC (Version 19.3.0.0.0)	4	INSERT INTO ora_bench_table (key, data) VALUES (:key, :data)	512	1024	100000	256	query	2019.11.17 20:09:19.127870000	2019.11.17 20:09:24.923490000	6	5795613096
Standard tests (Travis CI)	amd64 / Linux / 4.15.0-1028-gcp	db_12_2_ee	OraBench (Java 11.0.2)	JDBC (Version 19.3.0.0.0)	4	SELECT data FROM ora_bench_table WHERE key = :key	512	1024	100000	256	query	2019.11.17 20:09:24.923985000	2019.11.17 20:09:50.368648000	25	25444674612
Standard tests (Travis CI)	amd64 / Linux / 4.15.0-1028-gcp	db_12_2_ee	OraBench (Java 11.0.2)	JDBC (Version 19.3.0.0.0)	4		512	1024	100000	256	trial	2019.11.17 20:09:19.030597000	2019.11.17 20:09:51.554598000	33	32524008078
Standard tests (Travis CI)	amd64 / Linux / 4.15.0-1028-gcp	db_12_2_ee	OraBench (Java 11.0.2)	JDBC (Version 19.3.0.0.0)	5	INSERT INTO ora_bench_table (key, data) VALUES (:key, :data)	512	1024	100000	256	query	2019.11.17 20:09:51.583984000	2019.11.17 20:09:55.341275000	4	3757282965
Standard tests (Travis CI)	amd64 / Linux / 4.15.0-1028-gcp	db_12_2_ee	OraBench (Java 11.0.2)	JDBC (Version 19.3.0.0.0)	5	SELECT data FROM ora_bench_table WHERE key = :key	512	1024	100000	256	query	2019.11.17 20:09:55.341609000	2019.11.17 20:10:15.682668000	20	20341080013
Standard tests (Travis CI)	amd64 / Linux / 4.15.0-1028-gcp	db_12_2_ee	OraBench (Java 11.0.2)	JDBC (Version 19.3.0.0.0)	5		512	1024	100000	256	trial	2019.11.17 20:09:51.554865000	2019.11.17 20:10:16.820034000	25	25265166669
Standard tests (Travis CI)	amd64 / Linux / 4.15.0-1028-gcp	db_12_2_ee	OraBench (Java 11.0.2)	JDBC (Version 19.3.0.0.0)	6	INSERT INTO ora_bench_table (key, data) VALUES (:key, :data)	512	1024	100000	256	query	2019.11.17 20:10:16.838552000	2019.11.17 20:10:22.042781000	5	5204231426
Standard tests (Travis CI)	amd64 / Linux / 4.15.0-1028-gcp	db_12_2_ee	OraBench (Java 11.0.2)	JDBC (Version 19.3.0.0.0)	6	SELECT data FROM ora_bench_table WHERE key = :key	512	1024	100000	256	query	2019.11.17 20:10:22.043190000	2019.11.17 20:10:41.820065000	20	19776898888
Standard tests (Travis CI)	amd64 / Linux / 4.15.0-1028-gcp	db_12_2_ee	OraBench (Java 11.0.2)	JDBC (Version 19.3.0.0.0)	6		512	1024	100000	256	trial	2019.11.17 20:10:16.820361000	2019.11.17 20:10:42.941254000	26	26120908433
Standard tests (Travis CI)	amd64 / Linux / 4.15.0-1028-gcp	db_12_2_ee	OraBench (Java 11.0.2)	JDBC (Version 19.3.0.0.0)	7	INSERT INTO ora_bench_table (key, data) VALUES (:key, :data)	512	1024	100000	256	query	2019.11.17 20:10:42.953583000	2019.11.17 20:10:46.619138000	4	3665549043
Standard tests (Travis CI)	amd64 / Linux / 4.15.0-1028-gcp	db_12_2_ee	OraBench (Java 11.0.2)	JDBC (Version 19.3.0.0.0)	7	SELECT data FROM ora_bench_table WHERE key = :key	512	1024	100000	256	query	2019.11.17 20:10:46.619505000	2019.11.17 20:11:08.317990000	22	21698479003
Standard tests (Travis CI)	amd64 / Linux / 4.15.0-1028-gcp	db_12_2_ee	OraBench (Java 11.0.2)	JDBC (Version 19.3.0.0.0)	7		512	1024	100000	256	trial	2019.11.17 20:10:42.941655000	2019.11.17 20:11:09.636215000	27	26694568205
Standard tests (Travis CI)	amd64 / Linux / 4.15.0-1028-gcp	db_12_2_ee	OraBench (Java 11.0.2)	JDBC (Version 19.3.0.0.0)	8	INSERT INTO ora_bench_table (key, data) VALUES (:key, :data)	512	1024	100000	256	query	2019.11.17 20:11:09.658888000	2019.11.17 20:11:13.172906000	4	3514012228
Standard tests (Travis CI)	amd64 / Linux / 4.15.0-1028-gcp	db_12_2_ee	OraBench (Java 11.0.2)	JDBC (Version 19.3.0.0.0)	8	SELECT data FROM ora_bench_table WHERE key = :key	512	1024	100000	256	query	2019.11.17 20:11:13.173225000	2019.11.17 20:11:32.847978000	20	19674769023
Standard tests (Travis CI)	amd64 / Linux / 4.15.0-1028-gcp	db_12_2_ee	OraBench (Java 11.0.2)	JDBC (Version 19.3.0.0.0)	8		512	1024	100000	256	trial	2019.11.17 20:11:09.636463000	2019.11.17 20:11:33.987861000	24	24351415866
Standard tests (Travis CI)	amd64 / Linux / 4.15.0-1028-gcp	db_12_2_ee	OraBench (Java 11.0.2)	JDBC (Version 19.3.0.0.0)	9	INSERT INTO ora_bench_table (key, data) VALUES (:key, :data)	512	1024	100000	256	query	2019.11.17 20:11:34.000481000	2019.11.17 20:11:37.639949000	4	3639462178
Standard tests (Travis CI)	amd64 / Linux / 4.15.0-1028-gcp	db_12_2_ee	OraBench (Java 11.0.2)	JDBC (Version 19.3.0.0.0)	9	SELECT data FROM ora_bench_table WHERE key = :key	512	1024	100000	256	query	2019.11.17 20:11:37.640212000	2019.11.17 20:11:57.483640000	20	19842890078
Standard tests (Travis CI)	amd64 / Linux / 4.15.0-1028-gcp	db_12_2_ee	OraBench (Java 11.0.2)	JDBC (Version 19.3.0.0.0)	9		512	1024	100000	256	trial	2019.11.17 20:11:33.988113000	2019.11.17 20:11:58.604870000	25	24616777728
Standard tests (Travis CI)	amd64 / Linux / 4.15.0-1028-gcp	db_12_2_ee	OraBench (Java 11.0.2)	JDBC (Version 19.3.0.0.0)	10	INSERT INTO ora_bench_table (key, data) VALUES (:key, :data)	512	1024	100000	256	query	2019.11.17 20:11:58.616680000	2019.11.17 20:12:02.169367000	4	3552682713
Standard tests (Travis CI)	amd64 / Linux / 4.15.0-1028-gcp	db_12_2_ee	OraBench (Java 11.0.2)	JDBC (Version 19.3.0.0.0)	10	SELECT data FROM ora_bench_table WHERE key = :key	512	1024	100000	256	query	2019.11.17 20:12:02.169621000	2019.11.17 20:12:22.164979000	20	19995362541
Standard tests (Travis CI)	amd64 / Linux / 4.15.0-1028-gcp	db_12_2_ee	OraBench (Java 11.0.2)	JDBC (Version 19.3.0.0.0)	10		512	1024	100000	256	trial	2019.11.17 20:11:58.605114000	2019.11.17 20:12:23.363122000	25	24758039315
Standard tests (Travis CI)	amd64 / Linux / 4.15.0-1028-gcp	db_12_2_ee	OraBench (Java 11.0.2)	JDBC (Version 19.3.0.0.0)	0		512	1024	100000	256	benchmark	2019.11.17 20:07:14.755126000	2019.11.17 20:12:23.365399000	309	308602793437
Standard tests (Travis CI)	amd64 / Linux / 4.15.0-1028-gcp	db_18_3_ee	OraBench (Java 11.0.2)	JDBC (Version 19.3.0.0.0)	1	INSERT INTO ora_bench_table (key, data) VALUES (:key, :data)	512	1024	100000	256	query	2019.11.17 20:25:59.549479000	2019.11.17 20:26:09.481871000	10	9932399042
Standard tests (Travis CI)	amd64 / Linux / 4.15.0-1028-gcp	db_18_3_ee	OraBench (Java 11.0.2)	JDBC (Version 19.3.0.0.0)	1	SELECT data FROM ora_bench_table WHERE key = :key	512	1024	100000	256	query	2019.11.17 20:26:09.537321000	2019.11.17 20:26:38.021785000	28	28484474363
Standard tests (Travis CI)	amd64 / Linux / 4.15.0-1028-gcp	db_18_3_ee	OraBench (Java 11.0.2)	JDBC (Version 19.3.0.0.0)	1		512	1024	100000	256	trial	2019.11.17 20:25:58.863018000	2019.11.17 20:26:39.905311000	41	41042299703
Standard tests (Travis CI)	amd64 / Linux / 4.15.0-1028-gcp	db_18_3_ee	OraBench (Java 11.0.2)	JDBC (Version 19.3.0.0.0)	2	INSERT INTO ora_bench_table (key, data) VALUES (:key, :data)	512	1024	100000	256	query	2019.11.17 20:26:39.977462000	2019.11.17 20:26:50.677126000	11	10699673930
Standard tests (Travis CI)	amd64 / Linux / 4.15.0-1028-gcp	db_18_3_ee	OraBench (Java 11.0.2)	JDBC (Version 19.3.0.0.0)	2	SELECT data FROM ora_bench_table WHERE key = :key	512	1024	100000	256	query	2019.11.17 20:26:50.677588000	2019.11.17 20:27:17.735207000	27	27057619915
Standard tests (Travis CI)	amd64 / Linux / 4.15.0-1028-gcp	db_18_3_ee	OraBench (Java 11.0.2)	JDBC (Version 19.3.0.0.0)	2		512	1024	100000	256	trial	2019.11.17 20:26:39.905708000	2019.11.17 20:27:19.073593000	39	39167907939
Standard tests (Travis CI)	amd64 / Linux / 4.15.0-1028-gcp	db_18_3_ee	OraBench (Java 11.0.2)	JDBC (Version 19.3.0.0.0)	3	INSERT INTO ora_bench_table (key, data) VALUES (:key, :data)	512	1024	100000	256	query	2019.11.17 20:27:19.189289000	2019.11.17 20:27:25.457603000	6	6268311364
Standard tests (Travis CI)	amd64 / Linux / 4.15.0-1028-gcp	db_18_3_ee	OraBench (Java 11.0.2)	JDBC (Version 19.3.0.0.0)	3	SELECT data FROM ora_bench_table WHERE key = :key	512	1024	100000	256	query	2019.11.17 20:27:25.458029000	2019.11.17 20:27:52.366736000	27	26908726714
Standard tests (Travis CI)	amd64 / Linux / 4.15.0-1028-gcp	db_18_3_ee	OraBench (Java 11.0.2)	JDBC (Version 19.3.0.0.0)	3		512	1024	100000	256	trial	2019.11.17 20:27:19.074324000	2019.11.17 20:27:53.727401000	35	34653095240
Standard tests (Travis CI)	amd64 / Linux / 4.15.0-1028-gcp	db_18_3_ee	OraBench (Java 11.0.2)	JDBC (Version 19.3.0.0.0)	4	INSERT INTO ora_bench_table (key, data) VALUES (:key, :data)	512	1024	100000	256	query	2019.11.17 20:27:53.797166000	2019.11.17 20:28:00.611618000	7	6814417038
Standard tests (Travis CI)	amd64 / Linux / 4.15.0-1028-gcp	db_18_3_ee	OraBench (Java 11.0.2)	JDBC (Version 19.3.0.0.0)	4	SELECT data FROM ora_bench_table WHERE key = :key	512	1024	100000	256	query	2019.11.17 20:28:00.612443000	2019.11.17 20:28:26.768534000	26	26156134390
Standard tests (Travis CI)	amd64 / Linux / 4.15.0-1028-gcp	db_18_3_ee	OraBench (Java 11.0.2)	JDBC (Version 19.3.0.0.0)	4		512	1024	100000	256	trial	2019.11.17 20:27:53.727813000	2019.11.17 20:28:28.285780000	35	34557986728
Standard tests (Travis CI)	amd64 / Linux / 4.15.0-1028-gcp	db_18_3_ee	OraBench (Java 11.0.2)	JDBC (Version 19.3.0.0.0)	5	INSERT INTO ora_bench_table (key, data) VALUES (:key, :data)	512	1024	100000	256	query	2019.11.17 20:28:28.357341000	2019.11.17 20:28:34.713493000	6	6356128641
Standard tests (Travis CI)	amd64 / Linux / 4.15.0-1028-gcp	db_18_3_ee	OraBench (Java 11.0.2)	JDBC (Version 19.3.0.0.0)	5	SELECT data FROM ora_bench_table WHERE key = :key	512	1024	100000	256	query	2019.11.17 20:28:34.716966000	2019.11.17 20:29:03.369722000	29	28652763958
Standard tests (Travis CI)	amd64 / Linux / 4.15.0-1028-gcp	db_18_3_ee	OraBench (Java 11.0.2)	JDBC (Version 19.3.0.0.0)	5		512	1024	100000	256	trial	2019.11.17 20:28:28.286150000	2019.11.17 20:29:04.539947000	36	36253767912
Standard tests (Travis CI)	amd64 / Linux / 4.15.0-1028-gcp	db_18_3_ee	OraBench (Java 11.0.2)	JDBC (Version 19.3.0.0.0)	6	INSERT INTO ora_bench_table (key, data) VALUES (:key, :data)	512	1024	100000	256	query	2019.11.17 20:29:04.591330000	2019.11.17 20:29:09.009975000	4	4418645292
Standard tests (Travis CI)	amd64 / Linux / 4.15.0-1028-gcp	db_18_3_ee	OraBench (Java 11.0.2)	JDBC (Version 19.3.0.0.0)	6	SELECT data FROM ora_bench_table WHERE key = :key	512	1024	100000	256	query	2019.11.17 20:29:09.010438000	2019.11.17 20:29:27.516127000	19	18505729791
Standard tests (Travis CI)	amd64 / Linux / 4.15.0-1028-gcp	db_18_3_ee	OraBench (Java 11.0.2)	JDBC (Version 19.3.0.0.0)	6		512	1024	100000	256	trial	2019.11.17 20:29:04.540331000	2019.11.17 20:29:28.573266000	24	24032955231
Standard tests (Travis CI)	amd64 / Linux / 4.15.0-1028-gcp	db_18_3_ee	OraBench (Java 11.0.2)	JDBC (Version 19.3.0.0.0)	7	INSERT INTO ora_bench_table (key, data) VALUES (:key, :data)	512	1024	100000	256	query	2019.11.17 20:29:28.588012000	2019.11.17 20:29:32.339023000	4	3751007951
Standard tests (Travis CI)	amd64 / Linux / 4.15.0-1028-gcp	db_18_3_ee	OraBench (Java 11.0.2)	JDBC (Version 19.3.0.0.0)	7	SELECT data FROM ora_bench_table WHERE key = :key	512	1024	100000	256	query	2019.11.17 20:29:32.339493000	2019.11.17 20:29:51.142299000	19	18802816491
Standard tests (Travis CI)	amd64 / Linux / 4.15.0-1028-gcp	db_18_3_ee	OraBench (Java 11.0.2)	JDBC (Version 19.3.0.0.0)	7		512	1024	100000	256	trial	2019.11.17 20:29:28.573721000	2019.11.17 20:29:52.270512000	24	23696801647
Standard tests (Travis CI)	amd64 / Linux / 4.15.0-1028-gcp	db_18_3_ee	OraBench (Java 11.0.2)	JDBC (Version 19.3.0.0.0)	8	INSERT INTO ora_bench_table (key, data) VALUES (:key, :data)	512	1024	100000	256	query	2019.11.17 20:29:52.284000000	2019.11.17 20:29:55.964740000	4	3680739373
Standard tests (Travis CI)	amd64 / Linux / 4.15.0-1028-gcp	db_18_3_ee	OraBench (Java 11.0.2)	JDBC (Version 19.3.0.0.0)	8	SELECT data FROM ora_bench_table WHERE key = :key	512	1024	100000	256	query	2019.11.17 20:29:55.965136000	2019.11.17 20:30:15.286123000	19	19321004232
Standard tests (Travis CI)	amd64 / Linux / 4.15.0-1028-gcp	db_18_3_ee	OraBench (Java 11.0.2)	JDBC (Version 19.3.0.0.0)	8		512	1024	100000	256	trial	2019.11.17 20:29:52.270827000	2019.11.17 20:30:16.668184000	24	24397372439
Standard tests (Travis CI)	amd64 / Linux / 4.15.0-1028-gcp	db_18_3_ee	OraBench (Java 11.0.2)	JDBC (Version 19.3.0.0.0)	9	INSERT INTO ora_bench_table (key, data) VALUES (:key, :data)	512	1024	100000	256	query	2019.11.17 20:30:16.680635000	2019.11.17 20:30:20.016844000	3	3336195635
Standard tests (Travis CI)	amd64 / Linux / 4.15.0-1028-gcp	db_18_3_ee	OraBench (Java 11.0.2)	JDBC (Version 19.3.0.0.0)	9	SELECT data FROM ora_bench_table WHERE key = :key	512	1024	100000	256	query	2019.11.17 20:30:20.017149000	2019.11.17 20:30:40.507427000	20	20490302402
Standard tests (Travis CI)	amd64 / Linux / 4.15.0-1028-gcp	db_18_3_ee	OraBench (Java 11.0.2)	JDBC (Version 19.3.0.0.0)	9		512	1024	100000	256	trial	2019.11.17 20:30:16.668408000	2019.11.17 20:30:41.780188000	25	25111799556
Standard tests (Travis CI)	amd64 / Linux / 4.15.0-1028-gcp	db_18_3_ee	OraBench (Java 11.0.2)	JDBC (Version 19.3.0.0.0)	10	INSERT INTO ora_bench_table (key, data) VALUES (:key, :data)	512	1024	100000	256	query	2019.11.17 20:30:41.794998000	2019.11.17 20:30:45.241424000	3	3446414130
Standard tests (Travis CI)	amd64 / Linux / 4.15.0-1028-gcp	db_18_3_ee	OraBench (Java 11.0.2)	JDBC (Version 19.3.0.0.0)	10	SELECT data FROM ora_bench_table WHERE key = :key	512	1024	100000	256	query	2019.11.17 20:30:45.241733000	2019.11.17 20:31:03.914399000	19	18672676884
Standard tests (Travis CI)	amd64 / Linux / 4.15.0-1028-gcp	db_18_3_ee	OraBench (Java 11.0.2)	JDBC (Version 19.3.0.0.0)	10		512	1024	100000	256	trial	2019.11.17 20:30:41.782476000	2019.11.17 20:31:04.939560000	23	23157108990
Standard tests (Travis CI)	amd64 / Linux / 4.15.0-1028-gcp	db_18_3_ee	OraBench (Java 11.0.2)	JDBC (Version 19.3.0.0.0)	0		512	1024	100000	256	benchmark	2019.11.17 20:25:53.361172000	2019.11.17 20:31:04.942077000	312	311580561367
Standard tests (Travis CI)	amd64 / Linux / 4.15.0-1028-gcp	db_19_3_ee	OraBench (Java 11.0.2)	JDBC (Version 19.3.0.0.0)	1	INSERT INTO ora_bench_table (key, data) VALUES (:key, :data)	512	1024	100000	256	query	2019.11.17 20:42:55.802894000	2019.11.17 20:43:00.633636000	5	4830734539
Standard tests (Travis CI)	amd64 / Linux / 4.15.0-1028-gcp	db_19_3_ee	OraBench (Java 11.0.2)	JDBC (Version 19.3.0.0.0)	1	SELECT data FROM ora_bench_table WHERE key = :key	512	1024	100000	256	query	2019.11.17 20:43:00.649847000	2019.11.17 20:43:17.091505000	16	16441660230
Standard tests (Travis CI)	amd64 / Linux / 4.15.0-1028-gcp	db_19_3_ee	OraBench (Java 11.0.2)	JDBC (Version 19.3.0.0.0)	1		512	1024	100000	256	trial	2019.11.17 20:42:55.554588000	2019.11.17 20:43:18.169216000	23	22614627761
Standard tests (Travis CI)	amd64 / Linux / 4.15.0-1028-gcp	db_19_3_ee	OraBench (Java 11.0.2)	JDBC (Version 19.3.0.0.0)	2	INSERT INTO ora_bench_table (key, data) VALUES (:key, :data)	512	1024	100000	256	query	2019.11.17 20:43:18.179397000	2019.11.17 20:43:21.050631000	3	2871236120
Standard tests (Travis CI)	amd64 / Linux / 4.15.0-1028-gcp	db_19_3_ee	OraBench (Java 11.0.2)	JDBC (Version 19.3.0.0.0)	2	SELECT data FROM ora_bench_table WHERE key = :key	512	1024	100000	256	query	2019.11.17 20:43:21.050998000	2019.11.17 20:43:37.621559000	17	16570573381
Standard tests (Travis CI)	amd64 / Linux / 4.15.0-1028-gcp	db_19_3_ee	OraBench (Java 11.0.2)	JDBC (Version 19.3.0.0.0)	2		512	1024	100000	256	trial	2019.11.17 20:43:18.169477000	2019.11.17 20:43:38.468073000	20	20298614069
Standard tests (Travis CI)	amd64 / Linux / 4.15.0-1028-gcp	db_19_3_ee	OraBench (Java 11.0.2)	JDBC (Version 19.3.0.0.0)	3	INSERT INTO ora_bench_table (key, data) VALUES (:key, :data)	512	1024	100000	256	query	2019.11.17 20:43:38.479503000	2019.11.17 20:43:41.335172000	3	2855661869
Standard tests (Travis CI)	amd64 / Linux / 4.15.0-1028-gcp	db_19_3_ee	OraBench (Java 11.0.2)	JDBC (Version 19.3.0.0.0)	3	SELECT data FROM ora_bench_table WHERE key = :key	512	1024	100000	256	query	2019.11.17 20:43:41.335484000	2019.11.17 20:43:57.491886000	16	16156397635
Standard tests (Travis CI)	amd64 / Linux / 4.15.0-1028-gcp	db_19_3_ee	OraBench (Java 11.0.2)	JDBC (Version 19.3.0.0.0)	3		512	1024	100000	256	trial	2019.11.17 20:43:38.468401000	2019.11.17 20:43:58.320964000	20	19852575248
Standard tests (Travis CI)	amd64 / Linux / 4.15.0-1028-gcp	db_19_3_ee	OraBench (Java 11.0.2)	JDBC (Version 19.3.0.0.0)	4	INSERT INTO ora_bench_table (key, data) VALUES (:key, :data)	512	1024	100000	256	query	2019.11.17 20:43:58.332044000	2019.11.17 20:44:01.756781000	3	3424714092
Standard tests (Travis CI)	amd64 / Linux / 4.15.0-1028-gcp	db_19_3_ee	OraBench (Java 11.0.2)	JDBC (Version 19.3.0.0.0)	4	SELECT data FROM ora_bench_table WHERE key = :key	512	1024	100000	256	query	2019.11.17 20:44:01.757179000	2019.11.17 20:44:17.694706000	16	15937541613
Standard tests (Travis CI)	amd64 / Linux / 4.15.0-1028-gcp	db_19_3_ee	OraBench (Java 11.0.2)	JDBC (Version 19.3.0.0.0)	4		512	1024	100000	256	trial	2019.11.17 20:43:58.321337000	2019.11.17 20:44:18.518921000	20	20197588433
Standard tests (Travis CI)	amd64 / Linux / 4.15.0-1028-gcp	db_19_3_ee	OraBench (Java 11.0.2)	JDBC (Version 19.3.0.0.0)	5	INSERT INTO ora_bench_table (key, data) VALUES (:key, :data)	512	1024	100000	256	query	2019.11.17 20:44:18.529680000	2019.11.17 20:44:21.230516000	3	2700820338
Standard tests (Travis CI)	amd64 / Linux / 4.15.0-1028-gcp	db_19_3_ee	OraBench (Java 11.0.2)	JDBC (Version 19.3.0.0.0)	5	SELECT data FROM ora_bench_table WHERE key = :key	512	1024	100000	256	query	2019.11.17 20:44:21.230808000	2019.11.17 20:44:37.302318000	16	16071531500
Standard tests (Travis CI)	amd64 / Linux / 4.15.0-1028-gcp	db_19_3_ee	OraBench (Java 11.0.2)	JDBC (Version 19.3.0.0.0)	5		512	1024	100000	256	trial	2019.11.17 20:44:18.519171000	2019.11.17 20:44:38.161946000	20	19642768374
Standard tests (Travis CI)	amd64 / Linux / 4.15.0-1028-gcp	db_19_3_ee	OraBench (Java 11.0.2)	JDBC (Version 19.3.0.0.0)	6	INSERT INTO ora_bench_table (key, data) VALUES (:key, :data)	512	1024	100000	256	query	2019.11.17 20:44:38.173147000	2019.11.17 20:44:41.107180000	3	2934027244
Standard tests (Travis CI)	amd64 / Linux / 4.15.0-1028-gcp	db_19_3_ee	OraBench (Java 11.0.2)	JDBC (Version 19.3.0.0.0)	6	SELECT data FROM ora_bench_table WHERE key = :key	512	1024	100000	256	query	2019.11.17 20:44:41.107522000	2019.11.17 20:44:57.268660000	16	16161170279
Standard tests (Travis CI)	amd64 / Linux / 4.15.0-1028-gcp	db_19_3_ee	OraBench (Java 11.0.2)	JDBC (Version 19.3.0.0.0)	6		512	1024	100000	256	trial	2019.11.17 20:44:38.162270000	2019.11.17 20:44:58.108856000	20	19946597015
Standard tests (Travis CI)	amd64 / Linux / 4.15.0-1028-gcp	db_19_3_ee	OraBench (Java 11.0.2)	JDBC (Version 19.3.0.0.0)	7	INSERT INTO ora_bench_table (key, data) VALUES (:key, :data)	512	1024	100000	256	query	2019.11.17 20:44:58.119448000	2019.11.17 20:45:00.932609000	3	2813155323
Standard tests (Travis CI)	amd64 / Linux / 4.15.0-1028-gcp	db_19_3_ee	OraBench (Java 11.0.2)	JDBC (Version 19.3.0.0.0)	7	SELECT data FROM ora_bench_table WHERE key = :key	512	1024	100000	256	query	2019.11.17 20:45:00.932959000	2019.11.17 20:45:16.734500000	16	15801554478
Standard tests (Travis CI)	amd64 / Linux / 4.15.0-1028-gcp	db_19_3_ee	OraBench (Java 11.0.2)	JDBC (Version 19.3.0.0.0)	7		512	1024	100000	256	trial	2019.11.17 20:44:58.109684000	2019.11.17 20:45:17.562917000	19	19453239106
Standard tests (Travis CI)	amd64 / Linux / 4.15.0-1028-gcp	db_19_3_ee	OraBench (Java 11.0.2)	JDBC (Version 19.3.0.0.0)	8	INSERT INTO ora_bench_table (key, data) VALUES (:key, :data)	512	1024	100000	256	query	2019.11.17 20:45:17.573600000	2019.11.17 20:45:20.492822000	3	2919219136
Standard tests (Travis CI)	amd64 / Linux / 4.15.0-1028-gcp	db_19_3_ee	OraBench (Java 11.0.2)	JDBC (Version 19.3.0.0.0)	8	SELECT data FROM ora_bench_table WHERE key = :key	512	1024	100000	256	query	2019.11.17 20:45:20.493100000	2019.11.17 20:45:36.426885000	16	15933800248
Standard tests (Travis CI)	amd64 / Linux / 4.15.0-1028-gcp	db_19_3_ee	OraBench (Java 11.0.2)	JDBC (Version 19.3.0.0.0)	8		512	1024	100000	256	trial	2019.11.17 20:45:17.563127000	2019.11.17 20:45:37.303595000	20	19740486731
Standard tests (Travis CI)	amd64 / Linux / 4.15.0-1028-gcp	db_19_3_ee	OraBench (Java 11.0.2)	JDBC (Version 19.3.0.0.0)	9	INSERT INTO ora_bench_table (key, data) VALUES (:key, :data)	512	1024	100000	256	query	2019.11.17 20:45:37.315226000	2019.11.17 20:45:40.182766000	3	2867541231
Standard tests (Travis CI)	amd64 / Linux / 4.15.0-1028-gcp	db_19_3_ee	OraBench (Java 11.0.2)	JDBC (Version 19.3.0.0.0)	9	SELECT data FROM ora_bench_table WHERE key = :key	512	1024	100000	256	query	2019.11.17 20:45:40.183007000	2019.11.17 20:45:56.304729000	16	16121746611
Standard tests (Travis CI)	amd64 / Linux / 4.15.0-1028-gcp	db_19_3_ee	OraBench (Java 11.0.2)	JDBC (Version 19.3.0.0.0)	9		512	1024	100000	256	trial	2019.11.17 20:45:37.303803000	2019.11.17 20:45:57.120497000	20	19816714720
Standard tests (Travis CI)	amd64 / Linux / 4.15.0-1028-gcp	db_19_3_ee	OraBench (Java 11.0.2)	JDBC (Version 19.3.0.0.0)	10	INSERT INTO ora_bench_table (key, data) VALUES (:key, :data)	512	1024	100000	256	query	2019.11.17 20:45:57.133407000	2019.11.17 20:45:59.957130000	3	2823726642
Standard tests (Travis CI)	amd64 / Linux / 4.15.0-1028-gcp	db_19_3_ee	OraBench (Java 11.0.2)	JDBC (Version 19.3.0.0.0)	10	SELECT data FROM ora_bench_table WHERE key = :key	512	1024	100000	256	query	2019.11.17 20:45:59.957387000	2019.11.17 20:46:15.940674000	16	15983300865
Standard tests (Travis CI)	amd64 / Linux / 4.15.0-1028-gcp	db_19_3_ee	OraBench (Java 11.0.2)	JDBC (Version 19.3.0.0.0)	10		512	1024	100000	256	trial	2019.11.17 20:45:57.122752000	2019.11.17 20:46:16.767776000	20	19645042611
Standard tests (Travis CI)	amd64 / Linux / 4.15.0-1028-gcp	db_19_3_ee	OraBench (Java 11.0.2)	JDBC (Version 19.3.0.0.0)	0		512	1024	100000	256	benchmark	2019.11.17 20:42:51.370280000	2019.11.17 20:46:16.769730000	205	205399229612
