benchmark id	benchmark comment	host name	no. cores	os	user name	database	module	driver	trial no.	SQL statement	core multiplier	fetch size	transaction size	bulk length	bulk size	batch size	action	start day time	end day time	duration (sec)	duration (ns)
d28040b50372e5692b504346caedb535	Standard tests (Travis CI)	travis-job-9df91b01-7399-45ba-8e42-c7cc05e8b3fe	2	amd64 / Linux / 4.15.0-1028-gcp	travis	db_12_2_ee	OraBench (Python 3.5.2)	cx_Oracle (Version v7.3.0)	1	INSERT INTO ora_bench_table (key, data) VALUES (:1, :2)	0	1024	512	1024	100000	256	query	2020-01-04 19:35:06.830291000	2020-01-04 19:35:10.642543000	4	3812252000
d28040b50372e5692b504346caedb535	Standard tests (Travis CI)	travis-job-9df91b01-7399-45ba-8e42-c7cc05e8b3fe	2	amd64 / Linux / 4.15.0-1028-gcp	travis	db_12_2_ee	OraBench (Python 3.5.2)	cx_Oracle (Version v7.3.0)	1	SELECT key, data FROM ora_bench_table	0	1024	512	1024	100000	256	query	2020-01-04 19:35:10.643710000	2020-01-04 19:35:11.225628000	1	581918000
d28040b50372e5692b504346caedb535	Standard tests (Travis CI)	travis-job-9df91b01-7399-45ba-8e42-c7cc05e8b3fe	2	amd64 / Linux / 4.15.0-1028-gcp	travis	db_12_2_ee	OraBench (Python 3.5.2)	cx_Oracle (Version v7.3.0)	1		0	1024	512	1024	100000	256	trial	2020-01-04 19:35:06.749549000	2020-01-04 19:35:12.162127000	5	5412578000
d28040b50372e5692b504346caedb535	Standard tests (Travis CI)	travis-job-9df91b01-7399-45ba-8e42-c7cc05e8b3fe	2	amd64 / Linux / 4.15.0-1028-gcp	travis	db_12_2_ee	OraBench (Python 3.5.2)	cx_Oracle (Version v7.3.0)	2	INSERT INTO ora_bench_table (key, data) VALUES (:1, :2)	0	1024	512	1024	100000	256	query	2020-01-04 19:35:12.176605000	2020-01-04 19:35:14.872939000	3	2696334000
d28040b50372e5692b504346caedb535	Standard tests (Travis CI)	travis-job-9df91b01-7399-45ba-8e42-c7cc05e8b3fe	2	amd64 / Linux / 4.15.0-1028-gcp	travis	db_12_2_ee	OraBench (Python 3.5.2)	cx_Oracle (Version v7.3.0)	2	SELECT key, data FROM ora_bench_table	0	1024	512	1024	100000	256	query	2020-01-04 19:35:14.873053000	2020-01-04 19:35:15.481645000	1	608592000
d28040b50372e5692b504346caedb535	Standard tests (Travis CI)	travis-job-9df91b01-7399-45ba-8e42-c7cc05e8b3fe	2	amd64 / Linux / 4.15.0-1028-gcp	travis	db_12_2_ee	OraBench (Python 3.5.2)	cx_Oracle (Version v7.3.0)	2		0	1024	512	1024	100000	256	trial	2020-01-04 19:35:12.162211000	2020-01-04 19:35:16.699420000	5	4537209000
d28040b50372e5692b504346caedb535	Standard tests (Travis CI)	travis-job-9df91b01-7399-45ba-8e42-c7cc05e8b3fe	2	amd64 / Linux / 4.15.0-1028-gcp	travis	db_12_2_ee	OraBench (Python 3.5.2)	cx_Oracle (Version v7.3.0)	3	INSERT INTO ora_bench_table (key, data) VALUES (:1, :2)	0	1024	512	1024	100000	256	query	2020-01-04 19:35:16.715408000	2020-01-04 19:35:20.342927000	4	3627519000
d28040b50372e5692b504346caedb535	Standard tests (Travis CI)	travis-job-9df91b01-7399-45ba-8e42-c7cc05e8b3fe	2	amd64 / Linux / 4.15.0-1028-gcp	travis	db_12_2_ee	OraBench (Python 3.5.2)	cx_Oracle (Version v7.3.0)	3	SELECT key, data FROM ora_bench_table	0	1024	512	1024	100000	256	query	2020-01-04 19:35:20.343043000	2020-01-04 19:35:20.977280000	1	634237000
d28040b50372e5692b504346caedb535	Standard tests (Travis CI)	travis-job-9df91b01-7399-45ba-8e42-c7cc05e8b3fe	2	amd64 / Linux / 4.15.0-1028-gcp	travis	db_12_2_ee	OraBench (Python 3.5.2)	cx_Oracle (Version v7.3.0)	3		0	1024	512	1024	100000	256	trial	2020-01-04 19:35:16.699510000	2020-01-04 19:35:21.821319000	5	5121809000
d28040b50372e5692b504346caedb535	Standard tests (Travis CI)	travis-job-9df91b01-7399-45ba-8e42-c7cc05e8b3fe	2	amd64 / Linux / 4.15.0-1028-gcp	travis	db_12_2_ee	OraBench (Python 3.5.2)	cx_Oracle (Version v7.3.0)	4	INSERT INTO ora_bench_table (key, data) VALUES (:1, :2)	0	1024	512	1024	100000	256	query	2020-01-04 19:35:21.838043000	2020-01-04 19:35:24.793406000	3	2955363000
d28040b50372e5692b504346caedb535	Standard tests (Travis CI)	travis-job-9df91b01-7399-45ba-8e42-c7cc05e8b3fe	2	amd64 / Linux / 4.15.0-1028-gcp	travis	db_12_2_ee	OraBench (Python 3.5.2)	cx_Oracle (Version v7.3.0)	4	SELECT key, data FROM ora_bench_table	0	1024	512	1024	100000	256	query	2020-01-04 19:35:24.793530000	2020-01-04 19:35:25.501288000	1	707758000
d28040b50372e5692b504346caedb535	Standard tests (Travis CI)	travis-job-9df91b01-7399-45ba-8e42-c7cc05e8b3fe	2	amd64 / Linux / 4.15.0-1028-gcp	travis	db_12_2_ee	OraBench (Python 3.5.2)	cx_Oracle (Version v7.3.0)	4		0	1024	512	1024	100000	256	trial	2020-01-04 19:35:21.821408000	2020-01-04 19:35:26.702114000	5	4880706000
d28040b50372e5692b504346caedb535	Standard tests (Travis CI)	travis-job-9df91b01-7399-45ba-8e42-c7cc05e8b3fe	2	amd64 / Linux / 4.15.0-1028-gcp	travis	db_12_2_ee	OraBench (Python 3.5.2)	cx_Oracle (Version v7.3.0)	5	INSERT INTO ora_bench_table (key, data) VALUES (:1, :2)	0	1024	512	1024	100000	256	query	2020-01-04 19:35:26.717263000	2020-01-04 19:35:29.654329000	3	2937066000
d28040b50372e5692b504346caedb535	Standard tests (Travis CI)	travis-job-9df91b01-7399-45ba-8e42-c7cc05e8b3fe	2	amd64 / Linux / 4.15.0-1028-gcp	travis	db_12_2_ee	OraBench (Python 3.5.2)	cx_Oracle (Version v7.3.0)	5	SELECT key, data FROM ora_bench_table	0	1024	512	1024	100000	256	query	2020-01-04 19:35:29.654458000	2020-01-04 19:35:30.239669000	1	585211000
d28040b50372e5692b504346caedb535	Standard tests (Travis CI)	travis-job-9df91b01-7399-45ba-8e42-c7cc05e8b3fe	2	amd64 / Linux / 4.15.0-1028-gcp	travis	db_12_2_ee	OraBench (Python 3.5.2)	cx_Oracle (Version v7.3.0)	5		0	1024	512	1024	100000	256	trial	2020-01-04 19:35:26.702199000	2020-01-04 19:35:31.634480000	5	4932281000
d28040b50372e5692b504346caedb535	Standard tests (Travis CI)	travis-job-9df91b01-7399-45ba-8e42-c7cc05e8b3fe	2	amd64 / Linux / 4.15.0-1028-gcp	travis	db_12_2_ee	OraBench (Python 3.5.2)	cx_Oracle (Version v7.3.0)	0		0	1024	512	1024	100000	256	benchmark	2020-01-04 19:35:05.507625000	2020-01-04 19:35:31.637140000	26	26129515000
d28040b50372e5692b504346caedb535	Standard tests (Travis CI)	travis-job-9df91b01-7399-45ba-8e42-c7cc05e8b3fe	2	amd64 / Linux / 4.15.0-1028-gcp	travis	db_12_2_ee	OraBench (Java 11.0.2)	JDBC (Version 19.3.0.0.0)	1	INSERT INTO ora_bench_table (key, data) VALUES (:key, :data)	0	1024	512	1024	100000	256	query	2020-01-04 19:35:36.709407000	2020-01-04 19:35:40.042706000	3	3333287493
d28040b50372e5692b504346caedb535	Standard tests (Travis CI)	travis-job-9df91b01-7399-45ba-8e42-c7cc05e8b3fe	2	amd64 / Linux / 4.15.0-1028-gcp	travis	db_12_2_ee	OraBench (Java 11.0.2)	JDBC (Version 19.3.0.0.0)	1	SELECT key, data FROM ora_bench_table	0	1024	512	1024	100000	256	query	2020-01-04 19:35:40.043973000	2020-01-04 19:35:40.574301000	1	530338157
d28040b50372e5692b504346caedb535	Standard tests (Travis CI)	travis-job-9df91b01-7399-45ba-8e42-c7cc05e8b3fe	2	amd64 / Linux / 4.15.0-1028-gcp	travis	db_12_2_ee	OraBench (Java 11.0.2)	JDBC (Version 19.3.0.0.0)	1		0	1024	512	1024	100000	256	trial	2020-01-04 19:35:36.675188000	2020-01-04 19:35:42.409165000	6	5733969773
d28040b50372e5692b504346caedb535	Standard tests (Travis CI)	travis-job-9df91b01-7399-45ba-8e42-c7cc05e8b3fe	2	amd64 / Linux / 4.15.0-1028-gcp	travis	db_12_2_ee	OraBench (Java 11.0.2)	JDBC (Version 19.3.0.0.0)	2	INSERT INTO ora_bench_table (key, data) VALUES (:key, :data)	0	1024	512	1024	100000	256	query	2020-01-04 19:35:42.426338000	2020-01-04 19:35:49.123914000	7	6697601678
d28040b50372e5692b504346caedb535	Standard tests (Travis CI)	travis-job-9df91b01-7399-45ba-8e42-c7cc05e8b3fe	2	amd64 / Linux / 4.15.0-1028-gcp	travis	db_12_2_ee	OraBench (Java 11.0.2)	JDBC (Version 19.3.0.0.0)	2	SELECT key, data FROM ora_bench_table	0	1024	512	1024	100000	256	query	2020-01-04 19:35:49.124770000	2020-01-04 19:35:49.557639000	0	432871189
d28040b50372e5692b504346caedb535	Standard tests (Travis CI)	travis-job-9df91b01-7399-45ba-8e42-c7cc05e8b3fe	2	amd64 / Linux / 4.15.0-1028-gcp	travis	db_12_2_ee	OraBench (Java 11.0.2)	JDBC (Version 19.3.0.0.0)	2		0	1024	512	1024	100000	256	trial	2020-01-04 19:35:42.409391000	2020-01-04 19:35:53.397350000	11	10987974306
d28040b50372e5692b504346caedb535	Standard tests (Travis CI)	travis-job-9df91b01-7399-45ba-8e42-c7cc05e8b3fe	2	amd64 / Linux / 4.15.0-1028-gcp	travis	db_12_2_ee	OraBench (Java 11.0.2)	JDBC (Version 19.3.0.0.0)	3	INSERT INTO ora_bench_table (key, data) VALUES (:key, :data)	0	1024	512	1024	100000	256	query	2020-01-04 19:35:53.416078000	2020-01-04 19:35:59.876710000	6	6460637631
d28040b50372e5692b504346caedb535	Standard tests (Travis CI)	travis-job-9df91b01-7399-45ba-8e42-c7cc05e8b3fe	2	amd64 / Linux / 4.15.0-1028-gcp	travis	db_12_2_ee	OraBench (Java 11.0.2)	JDBC (Version 19.3.0.0.0)	3	SELECT key, data FROM ora_bench_table	0	1024	512	1024	100000	256	query	2020-01-04 19:35:59.876959000	2020-01-04 19:36:00.265478000	0	388559978
d28040b50372e5692b504346caedb535	Standard tests (Travis CI)	travis-job-9df91b01-7399-45ba-8e42-c7cc05e8b3fe	2	amd64 / Linux / 4.15.0-1028-gcp	travis	db_12_2_ee	OraBench (Java 11.0.2)	JDBC (Version 19.3.0.0.0)	3		0	1024	512	1024	100000	256	trial	2020-01-04 19:35:53.397634000	2020-01-04 19:36:04.201603000	11	10803977982
d28040b50372e5692b504346caedb535	Standard tests (Travis CI)	travis-job-9df91b01-7399-45ba-8e42-c7cc05e8b3fe	2	amd64 / Linux / 4.15.0-1028-gcp	travis	db_12_2_ee	OraBench (Java 11.0.2)	JDBC (Version 19.3.0.0.0)	4	INSERT INTO ora_bench_table (key, data) VALUES (:key, :data)	0	1024	512	1024	100000	256	query	2020-01-04 19:36:04.216680000	2020-01-04 19:36:10.478171000	6	6261507001
d28040b50372e5692b504346caedb535	Standard tests (Travis CI)	travis-job-9df91b01-7399-45ba-8e42-c7cc05e8b3fe	2	amd64 / Linux / 4.15.0-1028-gcp	travis	db_12_2_ee	OraBench (Java 11.0.2)	JDBC (Version 19.3.0.0.0)	4	SELECT key, data FROM ora_bench_table	0	1024	512	1024	100000	256	query	2020-01-04 19:36:10.478423000	2020-01-04 19:36:10.866904000	0	388506338
d28040b50372e5692b504346caedb535	Standard tests (Travis CI)	travis-job-9df91b01-7399-45ba-8e42-c7cc05e8b3fe	2	amd64 / Linux / 4.15.0-1028-gcp	travis	db_12_2_ee	OraBench (Java 11.0.2)	JDBC (Version 19.3.0.0.0)	4		0	1024	512	1024	100000	256	trial	2020-01-04 19:36:04.201800000	2020-01-04 19:36:15.026277000	11	10824493906
d28040b50372e5692b504346caedb535	Standard tests (Travis CI)	travis-job-9df91b01-7399-45ba-8e42-c7cc05e8b3fe	2	amd64 / Linux / 4.15.0-1028-gcp	travis	db_12_2_ee	OraBench (Java 11.0.2)	JDBC (Version 19.3.0.0.0)	5	INSERT INTO ora_bench_table (key, data) VALUES (:key, :data)	0	1024	512	1024	100000	256	query	2020-01-04 19:36:15.041742000	2020-01-04 19:36:21.384869000	6	6343147710
d28040b50372e5692b504346caedb535	Standard tests (Travis CI)	travis-job-9df91b01-7399-45ba-8e42-c7cc05e8b3fe	2	amd64 / Linux / 4.15.0-1028-gcp	travis	db_12_2_ee	OraBench (Java 11.0.2)	JDBC (Version 19.3.0.0.0)	5	SELECT key, data FROM ora_bench_table	0	1024	512	1024	100000	256	query	2020-01-04 19:36:21.385171000	2020-01-04 19:36:21.766545000	0	381389840
d28040b50372e5692b504346caedb535	Standard tests (Travis CI)	travis-job-9df91b01-7399-45ba-8e42-c7cc05e8b3fe	2	amd64 / Linux / 4.15.0-1028-gcp	travis	db_12_2_ee	OraBench (Java 11.0.2)	JDBC (Version 19.3.0.0.0)	5		0	1024	512	1024	100000	256	trial	2020-01-04 19:36:15.026524000	2020-01-04 19:36:25.879866000	11	10853358343
d28040b50372e5692b504346caedb535	Standard tests (Travis CI)	travis-job-9df91b01-7399-45ba-8e42-c7cc05e8b3fe	2	amd64 / Linux / 4.15.0-1028-gcp	travis	db_12_2_ee	OraBench (Java 11.0.2)	JDBC (Version 19.3.0.0.0)	0		0	1024	512	1024	100000	256	benchmark	2020-01-04 19:35:32.158522000	2020-01-04 19:36:25.882529000	54	53723656133
d28040b50372e5692b504346caedb535	Standard tests (Travis CI)	travis-job-9df91b01-7399-45ba-8e42-c7cc05e8b3fe	2	amd64 / Linux / 4.15.0-1028-gcp	travis	db_12_2_ee	orabench (Erlang/OTP 20 [erts-9.3] [source] [64-bit] [smp:2:2] [ds:2:2:10] [async-threads:1] [hipe] [kernel-poll:false])	oranif (Version 0.2.2)	0		0	1024	512	1024	100000	256	benchmark	2020-01-04 19:36:36.649368000	2020-01-04 19:37:23.256436000	47	46607068000
d28040b50372e5692b504346caedb535	Standard tests (Travis CI)	travis-job-9df91b01-7399-45ba-8e42-c7cc05e8b3fe	2	amd64 / Linux / 4.15.0-1028-gcp	travis	db_12_2_ee	orabench (Erlang/OTP 20 [erts-9.3] [source] [64-bit] [smp:2:2] [ds:2:2:10] [async-threads:1] [hipe] [kernel-poll:false])	oranif (Version 0.2.2)	1		0	1024	512	1024	100000	256	trial	2020-01-04 19:37:13.952405000	2020-01-04 19:37:23.256432000	9	9304027000
d28040b50372e5692b504346caedb535	Standard tests (Travis CI)	travis-job-9df91b01-7399-45ba-8e42-c7cc05e8b3fe	2	amd64 / Linux / 4.15.0-1028-gcp	travis	db_12_2_ee	orabench (Erlang/OTP 20 [erts-9.3] [source] [64-bit] [smp:2:2] [ds:2:2:10] [async-threads:1] [hipe] [kernel-poll:false])	oranif (Version 0.2.2)	0	INSERT INTO ora_bench_table (key, data) VALUES (:key, :data)	0	1024	512	1024	100000	256	query	2020-01-04 19:37:14.855605000	2020-01-04 19:37:19.813894000	5	4958289000
d28040b50372e5692b504346caedb535	Standard tests (Travis CI)	travis-job-9df91b01-7399-45ba-8e42-c7cc05e8b3fe	2	amd64 / Linux / 4.15.0-1028-gcp	travis	db_12_2_ee	orabench (Erlang/OTP 20 [erts-9.3] [source] [64-bit] [smp:2:2] [ds:2:2:10] [async-threads:1] [hipe] [kernel-poll:false])	oranif (Version 0.2.2)	0	INSERT INTO ora_bench_table (key, data) VALUES (:key, :data)	0	1024	512	1024	100000	256	query	2020-01-04 19:37:14.849839000	2020-01-04 19:37:19.668186000	5	4818347000
d28040b50372e5692b504346caedb535	Standard tests (Travis CI)	travis-job-9df91b01-7399-45ba-8e42-c7cc05e8b3fe	2	amd64 / Linux / 4.15.0-1028-gcp	travis	db_12_2_ee	orabench (Erlang/OTP 20 [erts-9.3] [source] [64-bit] [smp:2:2] [ds:2:2:10] [async-threads:1] [hipe] [kernel-poll:false])	oranif (Version 0.2.2)	0	SELECT key, data FROM ora_bench_table WHERE partition_key = 0	0	1024	512	1024	100000	256	query	2020-01-04 19:37:19.863474000	2020-01-04 19:37:23.206233000	3	3342759000
d28040b50372e5692b504346caedb535	Standard tests (Travis CI)	travis-job-9df91b01-7399-45ba-8e42-c7cc05e8b3fe	2	amd64 / Linux / 4.15.0-1028-gcp	travis	db_12_2_ee	orabench (Erlang/OTP 20 [erts-9.3] [source] [64-bit] [smp:2:2] [ds:2:2:10] [async-threads:1] [hipe] [kernel-poll:false])	oranif (Version 0.2.2)	0	SELECT key, data FROM ora_bench_table WHERE partition_key = 1	0	1024	512	1024	100000	256	query	2020-01-04 19:37:19.863003000	2020-01-04 19:37:23.256395000	3	3393392000
d28040b50372e5692b504346caedb535	Standard tests (Travis CI)	travis-job-9df91b01-7399-45ba-8e42-c7cc05e8b3fe	2	amd64 / Linux / 4.15.0-1028-gcp	travis	db_12_2_ee	orabench (Erlang/OTP 20 [erts-9.3] [source] [64-bit] [smp:2:2] [ds:2:2:10] [async-threads:1] [hipe] [kernel-poll:false])	oranif (Version 0.2.2)	2		0	1024	512	1024	100000	256	trial	2020-01-04 19:37:04.380410000	2020-01-04 19:37:13.952401000	10	9571991000
d28040b50372e5692b504346caedb535	Standard tests (Travis CI)	travis-job-9df91b01-7399-45ba-8e42-c7cc05e8b3fe	2	amd64 / Linux / 4.15.0-1028-gcp	travis	db_12_2_ee	orabench (Erlang/OTP 20 [erts-9.3] [source] [64-bit] [smp:2:2] [ds:2:2:10] [async-threads:1] [hipe] [kernel-poll:false])	oranif (Version 0.2.2)	0	INSERT INTO ora_bench_table (key, data) VALUES (:key, :data)	0	1024	512	1024	100000	256	query	2020-01-04 19:37:05.283810000	2020-01-04 19:37:10.313692000	5	5029882000
d28040b50372e5692b504346caedb535	Standard tests (Travis CI)	travis-job-9df91b01-7399-45ba-8e42-c7cc05e8b3fe	2	amd64 / Linux / 4.15.0-1028-gcp	travis	db_12_2_ee	orabench (Erlang/OTP 20 [erts-9.3] [source] [64-bit] [smp:2:2] [ds:2:2:10] [async-threads:1] [hipe] [kernel-poll:false])	oranif (Version 0.2.2)	0	INSERT INTO ora_bench_table (key, data) VALUES (:key, :data)	0	1024	512	1024	100000	256	query	2020-01-04 19:37:05.294038000	2020-01-04 19:37:10.184097000	5	4890059000
d28040b50372e5692b504346caedb535	Standard tests (Travis CI)	travis-job-9df91b01-7399-45ba-8e42-c7cc05e8b3fe	2	amd64 / Linux / 4.15.0-1028-gcp	travis	db_12_2_ee	orabench (Erlang/OTP 20 [erts-9.3] [source] [64-bit] [smp:2:2] [ds:2:2:10] [async-threads:1] [hipe] [kernel-poll:false])	oranif (Version 0.2.2)	0	SELECT key, data FROM ora_bench_table WHERE partition_key = 0	0	1024	512	1024	100000	256	query	2020-01-04 19:37:10.361752000	2020-01-04 19:37:13.952353000	4	3590601000
d28040b50372e5692b504346caedb535	Standard tests (Travis CI)	travis-job-9df91b01-7399-45ba-8e42-c7cc05e8b3fe	2	amd64 / Linux / 4.15.0-1028-gcp	travis	db_12_2_ee	orabench (Erlang/OTP 20 [erts-9.3] [source] [64-bit] [smp:2:2] [ds:2:2:10] [async-threads:1] [hipe] [kernel-poll:false])	oranif (Version 0.2.2)	0	SELECT key, data FROM ora_bench_table WHERE partition_key = 1	0	1024	512	1024	100000	256	query	2020-01-04 19:37:10.357441000	2020-01-04 19:37:13.925881000	4	3568440000
d28040b50372e5692b504346caedb535	Standard tests (Travis CI)	travis-job-9df91b01-7399-45ba-8e42-c7cc05e8b3fe	2	amd64 / Linux / 4.15.0-1028-gcp	travis	db_12_2_ee	orabench (Erlang/OTP 20 [erts-9.3] [source] [64-bit] [smp:2:2] [ds:2:2:10] [async-threads:1] [hipe] [kernel-poll:false])	oranif (Version 0.2.2)	3		0	1024	512	1024	100000	256	trial	2020-01-04 19:36:54.376425000	2020-01-04 19:37:04.380408000	10	10003983000
d28040b50372e5692b504346caedb535	Standard tests (Travis CI)	travis-job-9df91b01-7399-45ba-8e42-c7cc05e8b3fe	2	amd64 / Linux / 4.15.0-1028-gcp	travis	db_12_2_ee	orabench (Erlang/OTP 20 [erts-9.3] [source] [64-bit] [smp:2:2] [ds:2:2:10] [async-threads:1] [hipe] [kernel-poll:false])	oranif (Version 0.2.2)	0	INSERT INTO ora_bench_table (key, data) VALUES (:key, :data)	0	1024	512	1024	100000	256	query	2020-01-04 19:36:55.436406000	2020-01-04 19:37:00.918697000	5	5482291000
d28040b50372e5692b504346caedb535	Standard tests (Travis CI)	travis-job-9df91b01-7399-45ba-8e42-c7cc05e8b3fe	2	amd64 / Linux / 4.15.0-1028-gcp	travis	db_12_2_ee	orabench (Erlang/OTP 20 [erts-9.3] [source] [64-bit] [smp:2:2] [ds:2:2:10] [async-threads:1] [hipe] [kernel-poll:false])	oranif (Version 0.2.2)	0	INSERT INTO ora_bench_table (key, data) VALUES (:key, :data)	0	1024	512	1024	100000	256	query	2020-01-04 19:36:55.431848000	2020-01-04 19:37:00.992937000	6	5561089000
d28040b50372e5692b504346caedb535	Standard tests (Travis CI)	travis-job-9df91b01-7399-45ba-8e42-c7cc05e8b3fe	2	amd64 / Linux / 4.15.0-1028-gcp	travis	db_12_2_ee	orabench (Erlang/OTP 20 [erts-9.3] [source] [64-bit] [smp:2:2] [ds:2:2:10] [async-threads:1] [hipe] [kernel-poll:false])	oranif (Version 0.2.2)	0	SELECT key, data FROM ora_bench_table WHERE partition_key = 0	0	1024	512	1024	100000	256	query	2020-01-04 19:37:01.466440000	2020-01-04 19:37:04.380376000	3	3333732000
d28040b50372e5692b504346caedb535	Standard tests (Travis CI)	travis-job-9df91b01-7399-45ba-8e42-c7cc05e8b3fe	2	amd64 / Linux / 4.15.0-1028-gcp	travis	db_12_2_ee	orabench (Erlang/OTP 20 [erts-9.3] [source] [64-bit] [smp:2:2] [ds:2:2:10] [async-threads:1] [hipe] [kernel-poll:false])	oranif (Version 0.2.2)	0	SELECT key, data FROM ora_bench_table WHERE partition_key = 1	0	1024	512	1024	100000	256	query	2020-01-04 19:37:01.466360000	2020-01-04 19:37:04.353795000	3	3307159000
d28040b50372e5692b504346caedb535	Standard tests (Travis CI)	travis-job-9df91b01-7399-45ba-8e42-c7cc05e8b3fe	2	amd64 / Linux / 4.15.0-1028-gcp	travis	db_12_2_ee	orabench (Erlang/OTP 20 [erts-9.3] [source] [64-bit] [smp:2:2] [ds:2:2:10] [async-threads:1] [hipe] [kernel-poll:false])	oranif (Version 0.2.2)	4		0	1024	512	1024	100000	256	trial	2020-01-04 19:36:45.672564000	2020-01-04 19:36:54.376422000	9	8703858000
d28040b50372e5692b504346caedb535	Standard tests (Travis CI)	travis-job-9df91b01-7399-45ba-8e42-c7cc05e8b3fe	2	amd64 / Linux / 4.15.0-1028-gcp	travis	db_12_2_ee	orabench (Erlang/OTP 20 [erts-9.3] [source] [64-bit] [smp:2:2] [ds:2:2:10] [async-threads:1] [hipe] [kernel-poll:false])	oranif (Version 0.2.2)	0	INSERT INTO ora_bench_table (key, data) VALUES (:key, :data)	0	1024	512	1024	100000	256	query	2020-01-04 19:36:46.576816000	2020-01-04 19:36:50.807430000	4	3503927000
d28040b50372e5692b504346caedb535	Standard tests (Travis CI)	travis-job-9df91b01-7399-45ba-8e42-c7cc05e8b3fe	2	amd64 / Linux / 4.15.0-1028-gcp	travis	db_12_2_ee	orabench (Erlang/OTP 20 [erts-9.3] [source] [64-bit] [smp:2:2] [ds:2:2:10] [async-threads:1] [hipe] [kernel-poll:false])	oranif (Version 0.2.2)	0	INSERT INTO ora_bench_table (key, data) VALUES (:key, :data)	0	1024	512	1024	100000	256	query	2020-01-04 19:36:46.569030000	2020-01-04 19:36:50.405282000	4	3836252000
d28040b50372e5692b504346caedb535	Standard tests (Travis CI)	travis-job-9df91b01-7399-45ba-8e42-c7cc05e8b3fe	2	amd64 / Linux / 4.15.0-1028-gcp	travis	db_12_2_ee	orabench (Erlang/OTP 20 [erts-9.3] [source] [64-bit] [smp:2:2] [ds:2:2:10] [async-threads:1] [hipe] [kernel-poll:false])	oranif (Version 0.2.2)	0	SELECT key, data FROM ora_bench_table WHERE partition_key = 0	0	1024	512	1024	100000	256	query	2020-01-04 19:36:50.455257000	2020-01-04 19:36:54.336607000	4	3881350000
d28040b50372e5692b504346caedb535	Standard tests (Travis CI)	travis-job-9df91b01-7399-45ba-8e42-c7cc05e8b3fe	2	amd64 / Linux / 4.15.0-1028-gcp	travis	db_12_2_ee	orabench (Erlang/OTP 20 [erts-9.3] [source] [64-bit] [smp:2:2] [ds:2:2:10] [async-threads:1] [hipe] [kernel-poll:false])	oranif (Version 0.2.2)	0	SELECT key, data FROM ora_bench_table WHERE partition_key = 1	0	1024	512	1024	100000	256	query	2020-01-04 19:36:50.454254000	2020-01-04 19:36:54.376386000	4	3922132000
d28040b50372e5692b504346caedb535	Standard tests (Travis CI)	travis-job-9df91b01-7399-45ba-8e42-c7cc05e8b3fe	2	amd64 / Linux / 4.15.0-1028-gcp	travis	db_12_2_ee	orabench (Erlang/OTP 20 [erts-9.3] [source] [64-bit] [smp:2:2] [ds:2:2:10] [async-threads:1] [hipe] [kernel-poll:false])	oranif (Version 0.2.2)	5		0	1024	512	1024	100000	256	trial	2020-01-04 19:36:36.649369000	2020-01-04 19:36:45.672560000	9	9023191000
d28040b50372e5692b504346caedb535	Standard tests (Travis CI)	travis-job-9df91b01-7399-45ba-8e42-c7cc05e8b3fe	2	amd64 / Linux / 4.15.0-1028-gcp	travis	db_12_2_ee	orabench (Erlang/OTP 20 [erts-9.3] [source] [64-bit] [smp:2:2] [ds:2:2:10] [async-threads:1] [hipe] [kernel-poll:false])	oranif (Version 0.2.2)	0	INSERT INTO ora_bench_table (key, data) VALUES (:key, :data)	0	1024	512	1024	100000	256	query	2020-01-04 19:36:36.788362000	2020-01-04 19:36:42.472430000	5	5258881000
d28040b50372e5692b504346caedb535	Standard tests (Travis CI)	travis-job-9df91b01-7399-45ba-8e42-c7cc05e8b3fe	2	amd64 / Linux / 4.15.0-1028-gcp	travis	db_12_2_ee	orabench (Erlang/OTP 20 [erts-9.3] [source] [64-bit] [smp:2:2] [ds:2:2:10] [async-threads:1] [hipe] [kernel-poll:false])	oranif (Version 0.2.2)	0	INSERT INTO ora_bench_table (key, data) VALUES (:key, :data)	0	1024	512	1024	100000	256	query	2020-01-04 19:36:36.781200000	2020-01-04 19:36:41.940832000	5	5159632000
d28040b50372e5692b504346caedb535	Standard tests (Travis CI)	travis-job-9df91b01-7399-45ba-8e42-c7cc05e8b3fe	2	amd64 / Linux / 4.15.0-1028-gcp	travis	db_12_2_ee	orabench (Erlang/OTP 20 [erts-9.3] [source] [64-bit] [smp:2:2] [ds:2:2:10] [async-threads:1] [hipe] [kernel-poll:false])	oranif (Version 0.2.2)	0	SELECT key, data FROM ora_bench_table WHERE partition_key = 0	0	1024	512	1024	100000	256	query	2020-01-04 19:36:42.924800000	2020-01-04 19:36:45.625724000	4	3533244000
d28040b50372e5692b504346caedb535	Standard tests (Travis CI)	travis-job-9df91b01-7399-45ba-8e42-c7cc05e8b3fe	2	amd64 / Linux / 4.15.0-1028-gcp	travis	db_12_2_ee	orabench (Erlang/OTP 20 [erts-9.3] [source] [64-bit] [smp:2:2] [ds:2:2:10] [async-threads:1] [hipe] [kernel-poll:false])	oranif (Version 0.2.2)	0	SELECT key, data FROM ora_bench_table WHERE partition_key = 1	0	1024	512	1024	100000	256	query	2020-01-04 19:36:42.981080000	2020-01-04 19:36:45.672524000	4	3574416000
d28040b50372e5692b504346caedb535	Standard tests (Travis CI)	travis-job-9df91b01-7399-45ba-8e42-c7cc05e8b3fe	2	amd64 / Linux / 4.15.0-1028-gcp	travis	db_12_2_ee	OraBench.exe (v0.1)	OCPI-C (v3.2.2)	0	INSERT INTO ora_bench_table (key, data) VALUES (:key, :data)	0	1024	512	1024	100000	256	query	2020-01-04 19:37:29.086148304	2020-01-04 19:37:31.321769614	2	235621310
d28040b50372e5692b504346caedb535	Standard tests (Travis CI)	travis-job-9df91b01-7399-45ba-8e42-c7cc05e8b3fe	2	amd64 / Linux / 4.15.0-1028-gcp	travis	db_12_2_ee	OraBench.exe (v0.1)	OCPI-C (v3.2.2)	0	SELECT key, data FROM ora_bench_table	0	1024	512	1024	100000	256	query	2020-01-04 19:37:31.365892180	2020-01-04 19:37:31.764591584	0	398699404
d28040b50372e5692b504346caedb535	Standard tests (Travis CI)	travis-job-9df91b01-7399-45ba-8e42-c7cc05e8b3fe	2	amd64 / Linux / 4.15.0-1028-gcp	travis	db_12_2_ee	OraBench.exe (v0.1)	OCPI-C (v3.2.2)	0		0	1024	512	1024	100000	256	trial	2020-01-04 19:37:29.050861153	2020-01-04 19:37:31.768899855	2	718038702
d28040b50372e5692b504346caedb535	Standard tests (Travis CI)	travis-job-9df91b01-7399-45ba-8e42-c7cc05e8b3fe	2	amd64 / Linux / 4.15.0-1028-gcp	travis	db_12_2_ee	OraBench.exe (v0.1)	OCPI-C (v3.2.2)	0	INSERT INTO ora_bench_table (key, data) VALUES (:key, :data)	0	1024	512	1024	100000	256	query	2020-01-04 19:37:32.944448194	2020-01-04 19:37:38.062090260	6	18446744072814115683
d28040b50372e5692b504346caedb535	Standard tests (Travis CI)	travis-job-9df91b01-7399-45ba-8e42-c7cc05e8b3fe	2	amd64 / Linux / 4.15.0-1028-gcp	travis	db_12_2_ee	OraBench.exe (v0.1)	OCPI-C (v3.2.2)	0	SELECT key, data FROM ora_bench_table	0	1024	512	1024	100000	256	query	2020-01-04 19:37:38.107613496	2020-01-04 19:37:38.521044855	0	413137313
d28040b50372e5692b504346caedb535	Standard tests (Travis CI)	travis-job-9df91b01-7399-45ba-8e42-c7cc05e8b3fe	2	amd64 / Linux / 4.15.0-1028-gcp	travis	db_12_2_ee	OraBench.exe (v0.1)	OCPI-C (v3.2.2)	1		0	1024	512	1024	100000	256	trial	2020-01-04 19:37:32.916689148	2020-01-04 19:37:38.521915534	6	18446744073314778002
d28040b50372e5692b504346caedb535	Standard tests (Travis CI)	travis-job-9df91b01-7399-45ba-8e42-c7cc05e8b3fe	2	amd64 / Linux / 4.15.0-1028-gcp	travis	db_12_2_ee	OraBench.exe (v0.1)	OCPI-C (v3.2.2)	0	INSERT INTO ora_bench_table (key, data) VALUES (:key, :data)	0	1024	512	1024	100000	256	query	2020-01-04 19:37:42.734651075	2020-01-04 19:37:48.913542875	6	175998705
d28040b50372e5692b504346caedb535	Standard tests (Travis CI)	travis-job-9df91b01-7399-45ba-8e42-c7cc05e8b3fe	2	amd64 / Linux / 4.15.0-1028-gcp	travis	db_12_2_ee	OraBench.exe (v0.1)	OCPI-C (v3.2.2)	0	SELECT key, data FROM ora_bench_table	0	1024	512	1024	100000	256	query	2020-01-04 19:37:48.954153954	2020-01-04 19:37:49.418469053	1	18446744073162353597
d28040b50372e5692b504346caedb535	Standard tests (Travis CI)	travis-job-9df91b01-7399-45ba-8e42-c7cc05e8b3fe	2	amd64 / Linux / 4.15.0-1028-gcp	travis	db_12_2_ee	OraBench.exe (v0.1)	OCPI-C (v3.2.2)	2		0	1024	512	1024	100000	256	trial	2020-01-04 19:37:42.704323137	2020-01-04 19:37:49.419230284	7	18446744073424458763
d28040b50372e5692b504346caedb535	Standard tests (Travis CI)	travis-job-9df91b01-7399-45ba-8e42-c7cc05e8b3fe	2	amd64 / Linux / 4.15.0-1028-gcp	travis	db_12_2_ee	OraBench.exe (v0.1)	OCPI-C (v3.2.2)	0	INSERT INTO ora_bench_table (key, data) VALUES (:key, :data)	0	1024	512	1024	100000	256	query	2020-01-04 19:37:53.558529457	2020-01-04 19:38:00.319925169	7	18446744073470947328
d28040b50372e5692b504346caedb535	Standard tests (Travis CI)	travis-job-9df91b01-7399-45ba-8e42-c7cc05e8b3fe	2	amd64 / Linux / 4.15.0-1028-gcp	travis	db_12_2_ee	OraBench.exe (v0.1)	OCPI-C (v3.2.2)	0	SELECT key, data FROM ora_bench_table	0	1024	512	1024	100000	256	query	2020-01-04 19:38:00.365809126	2020-01-04 19:38:00.790977881	1	18446744073162353597
d28040b50372e5692b504346caedb535	Standard tests (Travis CI)	travis-job-9df91b01-7399-45ba-8e42-c7cc05e8b3fe	2	amd64 / Linux / 4.15.0-1028-gcp	travis	db_12_2_ee	OraBench.exe (v0.1)	OCPI-C (v3.2.2)	3		0	1024	512	1024	100000	256	trial	2020-01-04 19:37:53.528613306	2020-01-04 19:38:00.791783163	7	263169857
d28040b50372e5692b504346caedb535	Standard tests (Travis CI)	travis-job-9df91b01-7399-45ba-8e42-c7cc05e8b3fe	2	amd64 / Linux / 4.15.0-1028-gcp	travis	db_12_2_ee	OraBench.exe (v0.1)	OCPI-C (v3.2.2)	0	INSERT INTO ora_bench_table (key, data) VALUES (:key, :data)	0	1024	512	1024	100000	256	query	2020-01-04 19:38:04.633021266	2020-01-04 19:38:11.049430844	7	18446744073470947328
d28040b50372e5692b504346caedb535	Standard tests (Travis CI)	travis-job-9df91b01-7399-45ba-8e42-c7cc05e8b3fe	2	amd64 / Linux / 4.15.0-1028-gcp	travis	db_12_2_ee	OraBench.exe (v0.1)	OCPI-C (v3.2.2)	0	SELECT key, data FROM ora_bench_table	0	1024	512	1024	100000	256	query	2020-01-04 19:38:11.090421632	2020-01-04 19:38:11.530284025	1	18446744073162353597
d28040b50372e5692b504346caedb535	Standard tests (Travis CI)	travis-job-9df91b01-7399-45ba-8e42-c7cc05e8b3fe	2	amd64 / Linux / 4.15.0-1028-gcp	travis	db_12_2_ee	OraBench.exe (v0.1)	OCPI-C (v3.2.2)	4		0	1024	512	1024	100000	256	trial	2020-01-04 19:38:04.598002011	2020-01-04 19:38:11.531096927	7	18446744073642646532
d28040b50372e5692b504346caedb535	Standard tests (Travis CI)	travis-job-9df91b01-7399-45ba-8e42-c7cc05e8b3fe	2	amd64 / Linux / 4.15.0-1028-gcp	travis	db_12_2_ee	OraBench.exe (v0.1)	OCPI-C (v3.2.2)	0		0	1024	512	1024	100000	256	benchmark	2020-01-04 19:37:28.227906440	2020-01-04 19:38:11.531117026	43	303210586
